{"stats":{"minecraft:picked_up":{"croptopia:calamari":1,"minecraft:oak_log":7,"minecraft:ink_sac":1},"minecraft:custom":{"minecraft:open_chest":2,"minecraft:time_since_rest":2483,"minecraft:crouch_one_cm":473,"minecraft:deaths":1,"minecraft:play_time":16766,"minecraft:damage_taken":245,"minecraft:walk_one_cm":31918,"minecraft:sneak_time":880,"minecraft:walk_under_water_one_cm":76854,"minecraft:mob_kills":1,"minecraft:jump":94,"minecraft:leave_game":1,"minecraft:damage_dealt":365,"minecraft:time_since_death":2919,"minecraft:walk_on_water_one_cm":9410,"minecraft:total_world_time":16766,"minecraft:fall_one_cm":1728,"minecraft:fly_one_cm":67660},"minecraft:killed":{"alexsmobs:seal":1},"minecraft:used":{"minecraft:oak_log":7,"alexsmobs:animal_dictionary":1},"minecraft:mined":{"minecraft:oak_log":7,"minecraft:ice":3,"minecraft:oak_leaves":1}},"DataVersion":3465}