{"stats":{"minecraft:used":{"minecraft:netherite_sword":10,"cataclysm:infernal_forge":8,"cataclysm:void_forge":50,"alexsmobs:animal_dictionary":1,"minecraft:brown_mushroom":14,"newslabvariants:bedrock_slab":38},"minecraft:custom":{"minecraft:open_barrel":3,"minecraft:open_chest":12,"minecraft:time_since_rest":57125,"minecraft:crouch_one_cm":2291,"minecraft:play_time":57125,"minecraft:sprint_one_cm":11747,"minecraft:damage_taken":50,"tombstone:undead_killed":2,"minecraft:walk_one_cm":43383,"minecraft:sneak_time":2638,"minecraft:walk_under_water_one_cm":100753,"minecraft:mob_kills":3,"minecraft:jump":229,"minecraft:damage_dealt_resisted":1812,"minecraft:damage_dealt":3253,"minecraft:leave_game":2,"minecraft:time_since_death":57125,"minecraft:walk_on_water_one_cm":4434,"minecraft:climb_one_cm":634,"minecraft:total_world_time":57125,"minecraft:swim_one_cm":90609,"minecraft:fall_one_cm":476,"minecraft:fly_one_cm":434594},"minecraft:killed":{"minecraft:wither_skeleton":1,"minecraft:zombified_piglin":1},"minecraft:picked_up":{"minecraft:bone":2,"minecraft:kelp":2,"minecraft:brown_mushroom":1,"paraglider:spirit_orb":1,"minecraft:diamond_horse_armor":1,"minecraft:shield":1,"minecraft:iron_horse_armor":1,"minecraft:coal":1}},"DataVersion":3465}