{"stats":{"minecraft:used":{"minecraft:netherite_sword":10,"alexsmobs:animal_dictionary":1},"minecraft:custom":{"minecraft:jump":99,"minecraft:open_chest":12,"minecraft:time_since_rest":36523,"minecraft:damage_dealt":306,"minecraft:walk_on_water_one_cm":4434,"minecraft:crouch_one_cm":662,"minecraft:damage_taken":10,"minecraft:sprint_one_cm":5845,"minecraft:play_time":36523,"minecraft:time_since_death":36523,"minecraft:walk_one_cm":21395,"minecraft:sneak_time":1871,"minecraft:climb_one_cm":634,"minecraft:total_world_time":36523,"minecraft:walk_under_water_one_cm":100753,"minecraft:swim_one_cm":90609,"minecraft:fall_one_cm":267,"minecraft:fly_one_cm":364599,"minecraft:damage_dealt_resisted":142,"minecraft:open_barrel":3},"minecraft:picked_up":{"minecraft:kelp":2}},"DataVersion":3465}