{"stats":{"minecraft:used":{"alexsmobs:animal_dictionary":1},"minecraft:custom":{"minecraft:jump":52,"minecraft:time_since_rest":12523,"minecraft:damage_dealt":40,"minecraft:walk_on_water_one_cm":3952,"minecraft:crouch_one_cm":509,"minecraft:damage_taken":10,"minecraft:sprint_one_cm":1415,"minecraft:play_time":12523,"minecraft:time_since_death":12523,"minecraft:walk_one_cm":5153,"minecraft:sneak_time":686,"minecraft:total_world_time":12523,"minecraft:walk_under_water_one_cm":14133,"minecraft:swim_one_cm":38754,"minecraft:fall_one_cm":267,"minecraft:fly_one_cm":97450}},"DataVersion":3465}