{"stats":{"minecraft:used":{"minecraft:netherite_sword":10,"alexsmobs:animal_dictionary":1},"minecraft:custom":{"minecraft:jump":79,"minecraft:open_chest":7,"minecraft:time_since_rest":24523,"minecraft:damage_dealt":296,"minecraft:walk_on_water_one_cm":3974,"minecraft:crouch_one_cm":598,"minecraft:damage_taken":10,"minecraft:sprint_one_cm":2112,"minecraft:play_time":24523,"minecraft:time_since_death":24523,"minecraft:walk_one_cm":10534,"minecraft:sneak_time":1180,"minecraft:climb_one_cm":634,"minecraft:total_world_time":24523,"minecraft:walk_under_water_one_cm":91165,"minecraft:swim_one_cm":68600,"minecraft:fall_one_cm":267,"minecraft:fly_one_cm":182289,"minecraft:damage_dealt_resisted":142,"minecraft:open_barrel":3},"minecraft:picked_up":{"minecraft:kelp":2}},"DataVersion":3465}