{"stats":{"minecraft:used":{"cataclysm:infernal_forge":8,"minecraft:netherite_sword":10,"cataclysm:void_forge":50,"alexsmobs:animal_dictionary":1,"minecraft:brown_mushroom":14,"newslabvariants:bedrock_slab":33},"minecraft:custom":{"minecraft:open_barrel":3,"minecraft:time_since_rest":47672,"minecraft:open_chest":12,"tombstone:undead_killed":2,"minecraft:crouch_one_cm":2201,"minecraft:walk_one_cm":30233,"minecraft:play_time":47672,"minecraft:sprint_one_cm":8084,"minecraft:damage_taken":10,"minecraft:sneak_time":2468,"minecraft:walk_under_water_one_cm":100753,"minecraft:mob_kills":3,"minecraft:damage_dealt_resisted":1812,"minecraft:jump":192,"minecraft:damage_dealt":3193,"minecraft:leave_game":1,"minecraft:time_since_death":47672,"minecraft:walk_on_water_one_cm":4434,"minecraft:total_world_time":47672,"minecraft:climb_one_cm":634,"minecraft:swim_one_cm":90609,"minecraft:fall_one_cm":267,"minecraft:fly_one_cm":419204},"minecraft:killed":{"minecraft:wither_skeleton":1,"minecraft:zombified_piglin":1},"minecraft:picked_up":{"minecraft:bone":2,"minecraft:kelp":2,"minecraft:brown_mushroom":1,"paraglider:spirit_orb":1,"minecraft:diamond_horse_armor":1,"minecraft:shield":1,"minecraft:coal":1,"minecraft:iron_horse_armor":1}},"DataVersion":3465}