{"stats":{"minecraft:crafted":{"biomesoplenty:redwood_planks":8},"minecraft:custom":{"minecraft:time_since_rest":1,"minecraft:deaths":2,"minecraft:sprint_one_cm":13528,"minecraft:play_time":12369,"minecraft:walk_one_cm":11191,"minecraft:damage_taken":3050,"minecraft:mob_kills":1,"minecraft:jump":88,"minecraft:damage_dealt":100,"minecraft:leave_game":4,"minecraft:walk_on_water_one_cm":51,"minecraft:time_since_death":176,"minecraft:total_world_time":12369,"minecraft:fall_one_cm":9195,"minecraft:fly_one_cm":15792},"minecraft:killed":{"minecraft:sheep":1},"minecraft:picked_up":{"occultism:datura_seeds":1,"xercamod:item_tea_seeds":1,"butchersdelight:deadsheep":1,"minecraft:oak_fence":1,"minecraft:wheat_seeds":1,"doggytalents:rice_grains":1,"biomesoplenty:redwood_wood":2,"minecraft:white_wool":1,"minecraft:dirt":1},"minecraft:killed_by":{"minecraft:skeleton":1},"minecraft:mined":{"minecraft:grass":3,"minecraft:grass_block":1,"minecraft:tall_grass":1,"biomesoplenty:redwood_wood":2}},"DataVersion":3465}