{"stats":{"minecraft:custom":{"minecraft:jump":121,"minecraft:open_chest":1,"minecraft:time_since_rest":13547,"minecraft:damage_dealt":30,"minecraft:walk_on_water_one_cm":209,"minecraft:leave_game":1,"minecraft:sprint_one_cm":25172,"minecraft:play_time":40767,"minecraft:walk_one_cm":17752,"minecraft:time_since_death":13301,"minecraft:deaths":1,"minecraft:climb_one_cm":28,"minecraft:interact_with_smoker":1,"minecraft:total_world_time":40767,"minecraft:walk_under_water_one_cm":576,"minecraft:swim_one_cm":1024,"minecraft:interact_with_crafting_table":1,"minecraft:interact_with_lectern":1,"minecraft:fly_one_cm":51862}},"DataVersion":3465}