{"stats":{"minecraft:crafted":{"biomesoplenty:redwood_planks":8},"minecraft:custom":{"minecraft:time_since_rest":8011,"minecraft:damage_taken":3235,"minecraft:play_time":22603,"minecraft:sprint_one_cm":24037,"minecraft:deaths":2,"minecraft:walk_one_cm":33051,"minecraft:mob_kills":1,"minecraft:jump":186,"minecraft:damage_dealt":159,"minecraft:leave_game":5,"minecraft:time_since_death":10410,"minecraft:walk_on_water_one_cm":51,"minecraft:total_world_time":22603,"minecraft:fall_one_cm":12005,"minecraft:fly_one_cm":29214},"minecraft:killed":{"minecraft:sheep":1},"minecraft:picked_up":{"occultism:datura_seeds":1,"xercamod:item_tea_seeds":1,"butchersdelight:deadsheep":1,"minecraft:oak_fence":1,"minecraft:wheat_seeds":1,"doggytalents:rice_grains":1,"biomesoplenty:redwood_wood":2,"minecraft:dirt":1,"minecraft:white_wool":1},"minecraft:killed_by":{"minecraft:skeleton":1},"minecraft:mined":{"minecraft:grass":3,"minecraft:grass_block":1,"minecraft:tall_grass":1,"biomesoplenty:redwood_wood":2,"minecraft:oak_leaves":2}},"DataVersion":3465}