{"stats":{"minecraft:custom":{"minecraft:time_since_rest":379,"minecraft:sprint_one_cm":18187,"minecraft:walk_one_cm":59272,"minecraft:damage_taken":1002,"minecraft:damage_absorbed":254,"minecraft:mob_kills":18,"minecraft:drop":52,"minecraft:damage_dealt":3569,"minecraft:fly_one_cm":41604,"minecraft:open_chest":1,"minecraft:crouch_one_cm":724,"minecraft:play_time":18274,"minecraft:deaths":2,"minecraft:sneak_time":623,"minecraft:jump":186,"minecraft:time_since_death":285,"minecraft:total_world_time":18274,"minecraft:climb_one_cm":2256,"minecraft:fall_one_cm":7915},"minecraft:picked_up":{"advancednetherite:netherite_diamond_sword":2,"minecraft:ladder":1,"advancednetherite:netherite_diamond_leggings":1,"minecraft:spruce_stairs":2,"advancednetherite:netherite_diamond_helmet":1,"advancednetherite:netherite_diamond_boots":1,"minecraft:bone":23,"minecraft:arrow":24,"minecraft:rotten_flesh":2,"minecraft:spruce_planks":8,"advancednetherite:netherite_diamond_chestplate":1,"minecraft:rose_bush":3,"minecraft:golden_apple":64,"minecraft:terracotta":2},"minecraft:killed_by":{"minecraft:player":1},"minecraft:used":{"advancednetherite:netherite_diamond_sword":58,"advancednetherite:netherite_diamond_chestplate":1,"minecraft:spruce_planks":1,"advancednetherite:netherite_diamond_helmet":1,"advancednetherite:netherite_diamond_boots":1,"minecraft:golden_apple":7,"advancednetherite:netherite_diamond_leggings":1},"minecraft:killed":{"minecraft:skeleton":17,"minecraft:zombie":1},"minecraft:dropped":{"minecraft:spruce_planks":7,"advancednetherite:netherite_diamond_sword":1,"minecraft:rose_bush":3,"minecraft:ladder":1,"minecraft:rotten_flesh":2,"minecraft:arrow":24,"minecraft:spruce_stairs":2,"minecraft:bone":23,"minecraft:terracotta":2}},"DataVersion":3465}