{"stats":{"minecraft:custom":{"minecraft:time_since_rest":5128,"minecraft:damage_absorbed":40,"minecraft:deaths":1,"minecraft:crouch_one_cm":410,"minecraft:play_time":6274,"minecraft:sprint_one_cm":8744,"minecraft:damage_taken":391,"minecraft:walk_one_cm":16140,"minecraft:sneak_time":145,"minecraft:jump":51,"minecraft:time_since_death":5101,"minecraft:climb_one_cm":420,"minecraft:total_world_time":6274,"minecraft:fall_one_cm":3927,"minecraft:fly_one_cm":5301},"minecraft:picked_up":{"advancednetherite:netherite_diamond_sword":1,"advancednetherite:netherite_diamond_leggings":1,"advancednetherite:netherite_diamond_chestplate":1,"minecraft:golden_apple":64,"advancednetherite:netherite_diamond_helmet":1,"advancednetherite:netherite_diamond_boots":1},"minecraft:killed_by":{"minecraft:player":1},"minecraft:used":{"minecraft:golden_apple":1,"advancednetherite:netherite_diamond_boots":1,"advancednetherite:netherite_diamond_chestplate":1,"advancednetherite:netherite_diamond_leggings":1,"advancednetherite:netherite_diamond_helmet":1}},"DataVersion":3465}