{"stats":{"minecraft:custom":{"minecraft:mob_kills":20,"minecraft:interact_with_anvil":5,"minecraft:leave_game":1,"minecraft:time_since_death":4419,"minecraft:climb_one_cm":2256,"minecraft:damage_resisted":539,"minecraft:time_since_rest":5987,"minecraft:sprint_one_cm":35682,"minecraft:damage_absorbed":750,"minecraft:damage_taken":3467,"minecraft:walk_one_cm":130970,"minecraft:drop":89,"minecraft:damage_dealt":5556,"minecraft:fly_one_cm":151316,"minecraft:player_kills":3,"minecraft:open_chest":1,"minecraft:crouch_one_cm":1492,"minecraft:play_time":45582,"minecraft:deaths":5,"minecraft:sneak_time":1187,"minecraft:aviate_one_cm":187593,"minecraft:jump":571,"minecraft:walk_on_water_one_cm":3214,"minecraft:total_world_time":45582,"minecraft:fall_one_cm":33762},"minecraft:picked_up":{"advancednetherite:netherite_diamond_sword":2,"minecraft:ladder":1,"betterend:aeternium_anvil":1,"advancednetherite:netherite_diamond_boots":1,"minecraft:moss_carpet":10,"minecraft:bone":25,"deeperdarker:warden_carapace":20,"minecraft:wheat_seeds":3,"minecraft:spruce_planks":8,"advancednetherite:netherite_diamond_chestplate":1,"minecraft:rose_bush":3,"minecraft:azalea":1,"betterend:elytra_crystalite":1,"minecraft:sculk_catalyst":9,"aether:golden_parachute":1,"minecraft:big_dripleaf":5,"advancednetherite:netherite_diamond_leggings":1,"minecraft:spruce_stairs":2,"deeperdarker:heart_of_the_deep":9,"advancednetherite:netherite_diamond_helmet":1,"alexsmobs:crocodile_scute":1,"minecraft:firework_rocket":64,"minecraft:arrow":24,"minecraft:rotten_flesh":2,"minecraft:golden_apple":64,"minecraft:terracotta":2},"minecraft:mined":{"biomesoplenty:high_grass_plant":3,"minecraft:tall_grass":2,"biomesoplenty:pink_daffodil":1,"minecraft:big_dripleaf_stem":1,"minecraft:grass":48,"biomesoplenty:high_grass":2,"minecraft:fern":1},"minecraft:killed_by":{"minecraft:player":2},"minecraft:used":{"advancednetherite:netherite_diamond_sword":63,"twilightforest:glass_sword":9,"minecraft:spruce_planks":1,"advancednetherite:netherite_diamond_helmet":1,"minecraft:golden_apple":7,"advancednetherite:netherite_diamond_boots":1,"advancednetherite:netherite_diamond_leggings":1,"minecraft:firework_rocket":27,"betterend:elytra_crystalite":1,"advancednetherite:netherite_diamond_chestplate":1,"betterend:aeternium_anvil":16,"minecraft:potion":2,"aether:golden_parachute":16,"minecraft:enchanted_golden_apple":6},"minecraft:killed":{"quark:toretoise":1,"minecraft:skeleton":18,"minecraft:zombie":1,"minecraft:player":2},"minecraft:broken":{"twilightforest:glass_sword":3},"minecraft:dropped":{"minecraft:moss_carpet":10,"cataclysm:ignitium_leggings":2,"aether:golden_parachute":1,"minecraft:wheat_seeds":5,"minecraft:rotten_flesh":3,"deeperdarker:heart_of_the_deep":6,"betterend:aeternium_anvil":2,"cataclysm:ignitium_elytra_chestplate":1,"minecraft:spruce_stairs":2,"minecraft:big_dripleaf":5,"cataclysm:ignitium_block":1,"cataclysm:ignitium_chestplate":2,"cataclysm:ignitium_helmet":2,"minecraft:torch":2,"minecraft:spruce_planks":7,"minecraft:rose_bush":3,"advancednetherite:netherite_diamond_sword":1,"minecraft:azalea":1,"minecraft:ladder":1,"advancednetherite:netherite_diamond_leggings":1,"minecraft:arrow":24,"minecraft:string":2,"cataclysm:ignitium_boots":1,"minecraft:bone":27,"minecraft:terracotta":2}},"DataVersion":3465}