{"stats":{"minecraft:custom":{"minecraft:time_since_rest":12379,"minecraft:sprint_one_cm":22262,"minecraft:walk_one_cm":83149,"minecraft:damage_taken":1002,"minecraft:damage_absorbed":254,"minecraft:interact_with_anvil":5,"minecraft:mob_kills":20,"minecraft:drop":55,"minecraft:damage_dealt":4769,"minecraft:fly_one_cm":115439,"minecraft:open_chest":1,"minecraft:crouch_one_cm":937,"minecraft:play_time":30274,"minecraft:deaths":2,"minecraft:sneak_time":808,"minecraft:aviate_one_cm":2834,"minecraft:jump":230,"minecraft:time_since_death":12285,"minecraft:total_world_time":30274,"minecraft:climb_one_cm":2256,"minecraft:fall_one_cm":7915},"minecraft:picked_up":{"minecraft:sculk_catalyst":9,"advancednetherite:netherite_diamond_sword":2,"minecraft:ladder":1,"betterend:aeternium_anvil":1,"advancednetherite:netherite_diamond_leggings":1,"minecraft:spruce_stairs":2,"deeperdarker:heart_of_the_deep":9,"advancednetherite:netherite_diamond_helmet":1,"advancednetherite:netherite_diamond_boots":1,"alexsmobs:crocodile_scute":1,"minecraft:bone":23,"minecraft:arrow":24,"minecraft:rotten_flesh":2,"deeperdarker:warden_carapace":20,"minecraft:spruce_planks":8,"advancednetherite:netherite_diamond_chestplate":1,"minecraft:rose_bush":3,"minecraft:golden_apple":64,"minecraft:terracotta":2},"minecraft:killed_by":{"minecraft:player":1},"minecraft:used":{"advancednetherite:netherite_diamond_sword":58,"advancednetherite:netherite_diamond_chestplate":1,"twilightforest:glass_sword":4,"minecraft:spruce_planks":1,"betterend:aeternium_anvil":10,"advancednetherite:netherite_diamond_helmet":1,"advancednetherite:netherite_diamond_boots":1,"minecraft:golden_apple":7,"minecraft:potion":1,"advancednetherite:netherite_diamond_leggings":1},"minecraft:killed":{"minecraft:skeleton":18,"minecraft:zombie":1,"quark:toretoise":1},"minecraft:dropped":{"minecraft:spruce_planks":7,"advancednetherite:netherite_diamond_sword":1,"minecraft:rose_bush":3,"minecraft:ladder":1,"minecraft:rotten_flesh":2,"minecraft:arrow":24,"deeperdarker:heart_of_the_deep":3,"minecraft:spruce_stairs":2,"minecraft:bone":23,"minecraft:terracotta":2}},"DataVersion":3465}