{"stats":{"minecraft:used":{"croptopia:nectarine":7,"minecraft:iron_ore":11,"minecraft:coal_ore":40,"minecraft:snow_block":8,"luckytntmod:giant_tnt":2,"minecraft:wither_skeleton_skull":1,"minecraft:flint_and_steel":2,"create:train_door":1,"supplementaries:globe":1,"minecraft:rotten_flesh":1,"aquaculture:neptunium_sword":13,"supplementaries:deepslate_lamp":1,"minecraft:fishing_rod":23,"minecraft:soul_sand":1,"goldenfoods:enchanted_golden_cake":5,"goldenfoods:golden_cake":3,"minecraft:crossbow":5,"untamedwilds:boar_spawn_egg":5,"disenchanting_table:disenchanting_table":1,"minecraft:spruce_log":19},"minecraft:custom":{"minecraft:time_since_rest":52690,"minecraft:sprint_one_cm":35959,"minecraft:damage_taken":195,"minecraft:walk_one_cm":63890,"minecraft:mob_kills":7,"minecraft:drop":3,"minecraft:damage_dealt":672,"minecraft:swim_one_cm":56713,"minecraft:fly_one_cm":347918,"minecraft:open_barrel":6,"minecraft:open_chest":12,"minecraft:crouch_one_cm":1759,"minecraft:play_time":52690,"tombstone:undead_killed":1,"minecraft:bell_ring":1,"minecraft:sneak_time":1711,"minecraft:walk_under_water_one_cm":52490,"minecraft:jump":360,"minecraft:damage_dealt_resisted":446,"minecraft:eat_cake_slice":44,"minecraft:walk_on_water_one_cm":5182,"minecraft:time_since_death":52690,"minecraft:total_world_time":52690,"minecraft:climb_one_cm":835,"minecraft:fall_one_cm":4348},"minecraft:killed":{"alexsmobs:blue_jay":1,"minecraft:drowned":1,"untamedwilds:boar":1,"minecraft:creeper":1},"minecraft:dropped":{"minecraft:snow_block":1,"minecraft:spruce_log":1,"disenchanting_table:disenchanting_table":1},"minecraft:picked_up":{"xercamod:item_rice_seeds":1,"minecraft:stick":2,"minecraft:leather_chestplate":2,"minecraft:turtle_helmet":1,"croptopia:nectarine":7,"disenchanting_table:disenchanting_table":1,"tombstone:grave_dust":1,"minecraft:trident":1,"minecraft:spruce_log":2,"minecraft:dirt":5,"butchersdelight:dead_cow":1,"minecraft:rotten_flesh":2,"minecraft:kelp":1,"tombstone:scroll_of_unstable_intangibility":1,"minecraft:crossbow":1,"minecraft:azalea":1,"minecraft:emerald":4,"tombstone:magic_scroll":1,"xercamod:item_tomato_seeds":1,"minecraft:light_gray_carpet":1},"minecraft:mined":{"minecraft:grass":2,"minecraft:grass_block":1,"minecraft:spruce_leaves":1,"minecraft:oak_leaves":10}},"DataVersion":3465}