{"stats":{"minecraft:used":{"croptopia:nectarine":7,"minecraft:ender_eye":33,"dramaticdoors:tall_chipped_paneled_warped_door":3,"minecraft:iron_ore":11,"minecraft:snow_block":8,"minecraft:coal_ore":40,"minecraft:flint_and_steel":5,"luckytntmod:giant_tnt":2,"minecraft:wither_skeleton_skull":1,"minecraft:ladder":1,"create:train_door":1,"connectedglass:borderless_glass":104,"dramaticdoors:tall_chipped_tile_windowed_spruce_door":1,"aquaculture:neptunium_sword":13,"minecraft:fishing_rod":23,"minecraft:rotten_flesh":1,"minecraft:soul_sand":1,"minecraft:netherrack":8,"supplementaries:deepslate_lamp":1,"supplementaries:globe":1,"goldenfoods:enchanted_golden_cake":5,"goldenfoods:golden_cake":3,"minecraft:nether_quartz_ore":3,"minecraft:end_portal_frame":44,"minecraft:crossbow":5,"untamedwilds:boar_spawn_egg":5,"disenchanting_table:disenchanting_table":1,"minecraft:spruce_log":19,"minecraft:obsidian":42,"newslabvariants:bedrock_slab":17},"minecraft:custom":{"minecraft:time_since_rest":81823,"minecraft:sprint_one_cm":40046,"minecraft:damage_taken":195,"minecraft:walk_one_cm":89407,"minecraft:mob_kills":7,"minecraft:drop":4,"minecraft:damage_dealt":692,"minecraft:swim_one_cm":64579,"minecraft:fly_one_cm":1195178,"minecraft:open_barrel":6,"minecraft:open_chest":15,"minecraft:crouch_one_cm":3889,"minecraft:play_time":81823,"tombstone:undead_killed":1,"minecraft:bell_ring":1,"minecraft:sneak_time":2944,"minecraft:walk_under_water_one_cm":59226,"minecraft:jump":470,"minecraft:damage_dealt_resisted":446,"minecraft:eat_cake_slice":44,"minecraft:leave_game":1,"minecraft:time_since_death":81823,"minecraft:walk_on_water_one_cm":7774,"minecraft:climb_one_cm":1284,"minecraft:total_world_time":81823,"minecraft:fall_one_cm":4348},"minecraft:killed":{"alexsmobs:blue_jay":1,"untamedwilds:boar":1,"minecraft:drowned":1,"minecraft:creeper":1},"minecraft:dropped":{"minecraft:snow_block":1,"minecraft:ladder":1,"disenchanting_table:disenchanting_table":1,"minecraft:spruce_log":1},"minecraft:picked_up":{"minecraft:stick":2,"xercamod:item_rice_seeds":1,"minecraft:leather_chestplate":2,"minecraft:ladder":1,"croptopia:nectarine":7,"minecraft:turtle_helmet":1,"minecraft:brown_mushroom":2,"disenchanting_table:disenchanting_table":1,"tombstone:grave_dust":1,"minecraft:spruce_log":2,"minecraft:trident":1,"minecraft:dirt":5,"minecraft:rotten_flesh":2,"butchersdelight:dead_cow":1,"minecraft:kelp":1,"tombstone:scroll_of_unstable_intangibility":1,"minecraft:crossbow":1,"minecraft:azalea":1,"minecraft:emerald":4,"xercamod:item_tomato_seeds":1,"tombstone:magic_scroll":1,"minecraft:light_gray_carpet":1},"minecraft:mined":{"minecraft:grass":2,"minecraft:grass_block":1,"minecraft:spruce_leaves":1,"minecraft:oak_leaves":10}},"DataVersion":3465}