{"stats":{"minecraft:used":{"croptopia:nectarine":7,"minecraft:iron_ore":7,"minecraft:coal_ore":40,"luckytntmod:giant_tnt":2,"minecraft:wither_skeleton_skull":1,"minecraft:flint_and_steel":2,"create:train_door":1,"minecraft:rotten_flesh":1,"supplementaries:deepslate_lamp":1,"minecraft:fishing_rod":23,"minecraft:soul_sand":1,"goldenfoods:enchanted_golden_cake":5,"goldenfoods:golden_cake":3,"untamedwilds:boar_spawn_egg":5,"disenchanting_table:disenchanting_table":1},"minecraft:custom":{"minecraft:time_since_rest":40690,"minecraft:sprint_one_cm":33540,"minecraft:damage_taken":195,"minecraft:walk_one_cm":52850,"minecraft:mob_kills":6,"minecraft:drop":1,"minecraft:damage_dealt":145,"minecraft:swim_one_cm":28360,"minecraft:fly_one_cm":245816,"minecraft:open_barrel":1,"minecraft:open_chest":3,"minecraft:crouch_one_cm":1318,"minecraft:play_time":40690,"minecraft:bell_ring":1,"minecraft:sneak_time":1282,"minecraft:walk_under_water_one_cm":20974,"minecraft:jump":277,"minecraft:damage_dealt_resisted":8,"minecraft:eat_cake_slice":44,"minecraft:walk_on_water_one_cm":3988,"minecraft:time_since_death":40690,"minecraft:total_world_time":40690,"minecraft:climb_one_cm":835,"minecraft:fall_one_cm":4348},"minecraft:killed":{"alexsmobs:blue_jay":1,"untamedwilds:boar":1,"minecraft:creeper":1},"minecraft:dropped":{"disenchanting_table:disenchanting_table":1},"minecraft:picked_up":{"xercamod:item_rice_seeds":1,"minecraft:stick":2,"croptopia:nectarine":7,"disenchanting_table:disenchanting_table":1,"minecraft:spruce_log":2,"minecraft:dirt":5,"butchersdelight:dead_cow":1,"minecraft:rotten_flesh":1,"minecraft:azalea":1,"xercamod:item_tomato_seeds":1,"minecraft:light_gray_carpet":1},"minecraft:mined":{"minecraft:grass":2,"minecraft:grass_block":1,"minecraft:spruce_leaves":1,"minecraft:oak_leaves":10}},"DataVersion":3465}