{"stats":{"minecraft:custom":{"minecraft:time_since_rest":8350,"minecraft:open_chest":5,"minecraft:waystone_activated":1,"minecraft:crouch_one_cm":55,"minecraft:play_time":17813,"minecraft:sprint_one_cm":8823,"minecraft:deaths":1,"minecraft:damage_taken":430,"minecraft:walk_one_cm":28405,"minecraft:sneak_time":327,"minecraft:mob_kills":1,"minecraft:drop":1,"minecraft:interact_with_lectern":2,"minecraft:jump":151,"minecraft:damage_dealt":196,"minecraft:interact_with_blast_furnace":2,"minecraft:leave_game":2,"minecraft:time_since_death":8322,"minecraft:climb_one_cm":4209,"minecraft:total_world_time":17813,"minecraft:fall_one_cm":6005,"minecraft:fly_one_cm":75462},"minecraft:mined":{"minecraft:grass":1,"minecraft:grass_block":1,"minecraft:dark_oak_leaves":1,"biomesoplenty:high_grass_plant":1},"minecraft:killed":{"minecraft:zombie":1},"minecraft:dropped":{"minecraft:dark_oak_leaves":1},"minecraft:used":{"minecraft:dirt":1,"quark:hollow_acacia_log":42},"minecraft:picked_up":{"minecraft:rotten_flesh":1,"minecraft:dark_oak_leaves":1,"minecraft:dirt":1}},"DataVersion":3465}