{"stats":{"minecraft:used":{"minecraft:netherite_sword":7,"minecraft:wither_skeleton_skull":1,"minecraft:iron_ore":11,"luckytntmod:giant_tnt":2,"minecraft:flint_and_steel":5,"dramaticdoors:tall_chipped_paneled_warped_door":3,"minecraft:snow_block":8,"minecraft:ladder":1,"create:train_door":1,"minecraft:rotten_flesh":1,"minecraft:netherrack":8,"dramaticdoors:tall_chipped_tile_windowed_spruce_door":1,"supplementaries:deepslate_lamp":1,"supplementaries:globe":1,"minecraft:soul_sand":1,"goldenfoods:enchanted_golden_cake":5,"minecraft:nether_quartz_ore":3,"minecraft:crossbow":5,"minetraps:pitfall_trap":10,"disenchanting_table:disenchanting_table":1,"minecraft:spruce_log":19,"minecraft:milk_bucket":1,"minecraft:obsidian":42,"croptopia:nectarine":7,"minecraft:ender_eye":33,"minecraft:coal_ore":40,"minecraft:grass_block":2,"minetraps:barbed_wire":7,"connectedglass:borderless_glass":104,"aquaculture:neptunium_sword":13,"minecraft:fishing_rod":23,"goldenfoods:golden_cake":3,"tombstone:gift":2,"untamedwilds:boar_spawn_egg":5,"minecraft:end_portal_frame":44,"newslabvariants:bedrock_slab":17},"minecraft:custom":{"minecraft:mob_kills":9,"minecraft:open_barrel":6,"minecraft:bell_ring":1,"minecraft:damage_dealt_resisted":3030,"minecraft:eat_cake_slice":44,"minecraft:leave_game":1,"minecraft:time_since_death":1383,"minecraft:climb_one_cm":1284,"minecraft:time_since_rest":1116,"minecraft:damage_absorbed":80,"minecraft:sprint_one_cm":48403,"minecraft:walk_one_cm":168432,"minecraft:damage_taken":475,"minecraft:drop":5,"minecraft:damage_dealt":1692,"minecraft:swim_one_cm":64579,"minecraft:fly_one_cm":1617992,"minecraft:open_chest":19,"minecraft:crouch_one_cm":4144,"minecraft:play_time":93823,"minecraft:deaths":1,"tombstone:undead_killed":1,"minecraft:sneak_time":3270,"minecraft:walk_under_water_one_cm":59226,"minecraft:jump":535,"minecraft:walk_on_water_one_cm":7774,"minecraft:total_world_time":93823,"minecraft:fall_one_cm":4348},"minecraft:killed":{"untamedwilds:boar":1,"minecraft:ender_dragon":1,"minecraft:creeper":1,"minecraft:shulker":1,"alexsmobs:blue_jay":1,"minecraft:drowned":1},"minecraft:dropped":{"minecraft:snow_block":1,"disenchanting_table:disenchanting_table":1,"tombstone:grave_key":1,"minecraft:ladder":1,"minecraft:spruce_log":1},"minecraft:picked_up":{"xercamod:item_rice_seeds":1,"minecraft:leather_chestplate":2,"minecraft:ladder":1,"minecraft:turtle_helmet":1,"croptopia:nectarine":7,"minecraft:brown_mushroom":2,"disenchanting_table:disenchanting_table":1,"minecraft:dirt":5,"butchersdelight:dead_cow":1,"minecraft:kelp":1,"tombstone:scroll_of_unstable_intangibility":1,"minecraft:azalea":1,"minecraft:poppy":1,"croptopia:elderberry_seed":2,"xercamod:item_tomato_seeds":1,"minecraft:stick":7,"tombstone:grave_dust":1,"minecraft:trident":1,"minecraft:spruce_log":2,"tombstone:scroll_of_true_sight":1,"minecraft:rotten_flesh":2,"tombstone:scroll_of_knowledge":1,"minecraft:crossbow":1,"minecraft:saddle":1,"minecraft:emerald":4,"croptopia:elderberry":1,"tombstone:magic_scroll":1,"minecraft:light_gray_carpet":1},"minecraft:mined":{"minecraft:grass_block":1,"minecraft:spruce_leaves":1,"minecraft:grass":2,"minecraft:oak_leaves":10}},"DataVersion":3465}