{"stats":{"minecraft:custom":{"minecraft:time_since_rest":20350,"minecraft:open_chest":5,"minecraft:waystone_activated":1,"minecraft:crouch_one_cm":835,"minecraft:play_time":29813,"minecraft:sprint_one_cm":13510,"minecraft:deaths":1,"minecraft:damage_taken":430,"minecraft:walk_one_cm":47659,"minecraft:sneak_time":962,"minecraft:mob_kills":1,"minecraft:drop":1,"minecraft:interact_with_lectern":2,"minecraft:jump":262,"minecraft:damage_dealt":196,"minecraft:interact_with_blast_furnace":2,"minecraft:leave_game":2,"minecraft:time_since_death":20322,"minecraft:climb_one_cm":15667,"minecraft:total_world_time":29813,"minecraft:fall_one_cm":6005,"minecraft:fly_one_cm":118681},"minecraft:mined":{"minecraft:grass":1,"minecraft:grass_block":1,"minecraft:dark_oak_leaves":1,"biomesoplenty:high_grass_plant":1},"minecraft:killed":{"minecraft:zombie":1},"minecraft:dropped":{"minecraft:dark_oak_leaves":1},"minecraft:picked_up":{"blue_skies:briskbloom":1,"minecraft:rotten_flesh":1,"minecraft:dark_oak_leaves":1,"blue_skies:bluebright_sapling":4,"blue_skies:bluebright_stick":1,"delightful:green_tea_leaf":1,"minecraft:dirt":1},"minecraft:used":{"blue_skies:bluebright_sapling":2,"minecraft:water_bucket":1,"minecraft:glowstone":15,"minecraft:dirt":1,"blue_skies:everbright_portal":1,"blue_skies:everdawn_portal":1,"blue_skies:turquoise_stone":3,"quark:hollow_acacia_log":90,"blue_skies:turquoise_grass_block":7}},"DataVersion":3465}