{"stats":{"minecraft:custom":{"minecraft:time_since_rest":12379,"minecraft:waystone_activated":1,"minecraft:sprint_one_cm":17011,"minecraft:damage_taken":430,"minecraft:walk_one_cm":69420,"minecraft:interact_with_anvil":3,"minecraft:mob_kills":1,"minecraft:drop":7,"minecraft:damage_dealt":445,"minecraft:player_kills":1,"minecraft:fly_one_cm":181966,"minecraft:open_barrel":1,"minecraft:open_chest":9,"minecraft:crouch_one_cm":1033,"minecraft:play_time":56842,"minecraft:deaths":2,"minecraft:sneak_time":1303,"minecraft:damage_dealt_resisted":2,"minecraft:interact_with_lectern":2,"minecraft:jump":354,"minecraft:interact_with_blast_furnace":2,"minecraft:leave_game":3,"minecraft:time_since_death":12342,"minecraft:total_world_time":56842,"minecraft:climb_one_cm":17291,"minecraft:fall_one_cm":6005},"minecraft:picked_up":{"blue_skies:bluebright_sapling":4,"minecraft:dirt":1,"blue_skies:briskbloom":1,"minecraft:rotten_flesh":1,"minecraft:dark_oak_leaves":1,"blue_skies:bluebright_stick":1,"delightful:green_tea_leaf":1},"minecraft:mined":{"minecraft:dark_oak_leaves":1,"minecraft:grass":1,"minecraft:grass_block":1,"biomesoplenty:high_grass_plant":1},"minecraft:used":{"twilightdelight:teardrop_sword":1,"blue_skies:bluebright_sapling":2,"minecraft:water_bucket":1,"blue_skies:everbright_portal":1,"blue_skies:everdawn_portal":1,"minecraft:deepslate_iron_ore":15,"stalwart_dungeons:chorundum_armor_helmet":1,"aether:aether_portal_frame":2,"stalwart_dungeons:chorundum_armor_boots":1,"stalwart_dungeons:netherite_hammer":1,"stalwart_dungeons:chorundum_armor_leggings":1,"stalwart_dungeons:chorundum_armor_chestplate":1,"betterend:aeternium_anvil":28,"mowziesmobs:sol_visage":1,"magnumtorch:diamond_magnum_torch":1,"minecraft:glowstone":15,"minecraft:dirt":1,"alexsmobs:spawn_egg_crocodile":3,"blue_skies:turquoise_stone":3,"ftbquests:barrier":16,"quark:hollow_acacia_log":90,"blue_skies:turquoise_grass_block":7},"minecraft:killed":{"minecraft:zombie":1},"minecraft:dropped":{"minecraft:dark_oak_leaves":1,"advancednetherite:netherite_diamond_chestplate":1,"advancednetherite:netherite_diamond_sword":1,"advancednetherite:netherite_diamond_leggings":1,"advancednetherite:netherite_diamond_boots":1,"advancednetherite:netherite_diamond_helmet":1,"minecraft:golden_apple":64}},"DataVersion":3465}