{"stats":{"minecraft:used":{"minecraft:rotten_flesh":1},"minecraft:custom":{"minecraft:open_chest":2,"minecraft:time_since_rest":16690,"minecraft:crouch_one_cm":453,"minecraft:play_time":16690,"minecraft:sprint_one_cm":13028,"minecraft:damage_taken":65,"minecraft:walk_one_cm":22546,"minecraft:sneak_time":80,"minecraft:bell_ring":1,"minecraft:mob_kills":1,"minecraft:jump":112,"minecraft:damage_dealt":114,"minecraft:time_since_death":16690,"minecraft:walk_on_water_one_cm":34,"minecraft:climb_one_cm":287,"minecraft:total_world_time":16690,"minecraft:fall_one_cm":3197,"minecraft:fly_one_cm":9445},"minecraft:picked_up":{"xercamod:item_rice_seeds":1,"minecraft:rotten_flesh":1,"butchersdelight:dead_cow":1,"xercamod:item_tomato_seeds":1,"minecraft:dirt":1},"minecraft:mined":{"minecraft:grass":2,"minecraft:grass_block":1,"minecraft:spruce_leaves":1}},"DataVersion":3465}