{"stats":{"minecraft:custom":{"minecraft:time_since_rest":23587,"minecraft:waystone_activated":1,"minecraft:sprint_one_cm":19828,"minecraft:damage_taken":576,"minecraft:walk_one_cm":96882,"minecraft:interact_with_anvil":3,"minecraft:mob_kills":1,"minecraft:drop":16,"minecraft:damage_dealt":517,"minecraft:player_kills":1,"minecraft:fly_one_cm":204107,"minecraft:open_barrel":1,"minecraft:open_chest":9,"minecraft:crouch_one_cm":1434,"minecraft:play_time":68050,"minecraft:deaths":2,"minecraft:sneak_time":1434,"minecraft:aviate_one_cm":353803,"minecraft:damage_dealt_resisted":2,"minecraft:interact_with_lectern":2,"minecraft:jump":408,"minecraft:interact_with_blast_furnace":2,"minecraft:leave_game":4,"minecraft:walk_on_water_one_cm":1327,"minecraft:time_since_death":23550,"minecraft:total_world_time":68050,"minecraft:climb_one_cm":17330,"minecraft:fall_one_cm":6005},"minecraft:picked_up":{"cataclysm:ignitium_elytra_chestplate":1,"aether:aether_dirt":4,"cataclysm:ignitium_block":1,"betterend:aeternium_anvil":1,"deeperdarker:heart_of_the_deep":2,"blue_skies:bluebright_sapling":4,"deep_aether:enchanted_blossom":1,"minecraft:dirt":1,"cataclysm:ignitium_helmet":1,"blue_skies:briskbloom":1,"minecraft:rotten_flesh":2,"minecraft:dark_oak_leaves":1,"blue_skies:bluebright_stick":1,"delightful:green_tea_leaf":1},"minecraft:mined":{"minecraft:dark_oak_leaves":1,"minecraft:grass":1,"minecraft:grass_block":1,"biomesoplenty:high_grass_plant":1},"minecraft:used":{"twilightdelight:teardrop_sword":1,"blue_skies:bluebright_sapling":2,"minecraft:water_bucket":1,"minecraft:firework_rocket":32,"blue_skies:everbright_portal":1,"blue_skies:everdawn_portal":1,"minecraft:deepslate_iron_ore":15,"stalwart_dungeons:chorundum_armor_helmet":1,"betterend:elytra_crystalite":1,"aether:aether_portal_frame":12,"stalwart_dungeons:chorundum_armor_boots":1,"stalwart_dungeons:netherite_hammer":1,"stalwart_dungeons:chorundum_armor_leggings":1,"stalwart_dungeons:chorundum_armor_chestplate":1,"betterend:aeternium_anvil":28,"mowziesmobs:sol_visage":1,"magnumtorch:diamond_magnum_torch":1,"minecraft:glowstone":15,"minecraft:dirt":1,"alexsmobs:spawn_egg_crocodile":3,"blue_skies:turquoise_stone":3,"ftbquests:barrier":16,"quark:hollow_acacia_log":90,"blue_skies:turquoise_grass_block":7},"minecraft:killed":{"minecraft:zombie":1},"minecraft:dropped":{"minecraft:dark_oak_leaves":1,"advancednetherite:netherite_diamond_chestplate":1,"advancednetherite:netherite_diamond_sword":1,"advancednetherite:netherite_diamond_leggings":1,"advancednetherite:netherite_diamond_boots":1,"advancednetherite:netherite_diamond_helmet":1,"betterend:elytra_crystalite":4,"minecraft:golden_apple":64,"minecraft:firework_rocket":256}},"DataVersion":3465}