{"stats":{"minecraft:custom":{"minecraft:time_since_rest":1455,"minecraft:deaths":1,"minecraft:crouch_one_cm":109,"minecraft:play_time":5393,"minecraft:sprint_one_cm":27674,"minecraft:damage_taken":370,"minecraft:walk_one_cm":4734,"minecraft:sneak_time":172,"minecraft:walk_under_water_one_cm":114,"minecraft:jump":167,"minecraft:damage_dealt":47,"minecraft:time_since_death":1430,"minecraft:walk_on_water_one_cm":338,"minecraft:total_world_time":5393,"minecraft:swim_one_cm":4367,"minecraft:fly_one_cm":37247,"minecraft:fall_one_cm":9735},"minecraft:crafted":{"minecraft:oak_planks":4,"minecraft:dark_oak_planks":20,"minecraft:crafting_table":1},"minecraft:picked_up":{"minecraft:dark_oak_sapling":1,"minecraft:oak_log":1,"twigs:twig":1,"minecraft:dark_oak_log":5,"minecraft:dirt":1},"minecraft:mined":{"minecraft:grass":5,"biomesoplenty:clover":6,"minecraft:grass_block":1,"minecraft:oak_log":1,"minecraft:dark_oak_leaves":3,"minecraft:tall_grass":2,"minecraft:dark_oak_log":5,"minecraft:fern":1},"minecraft:killed_by":{"alexsmobs:raccoon":1},"minecraft:used":{"minecraft:dirt":1,"minecraft:oak_planks":4}},"DataVersion":3465}