{"stats":{"minecraft:mined":{"minecraft:grass":1,"biomesoplenty:desert_grass":2},"minecraft:picked_up":{"minecraft:wheat_seeds":1},"minecraft:custom":{"minecraft:jump":54,"minecraft:time_since_rest":7690,"minecraft:leave_game":1,"minecraft:walk_on_water_one_cm":1518,"minecraft:damage_dealt":79,"minecraft:crouch_one_cm":282,"minecraft:damage_taken":60,"minecraft:sprint_one_cm":10465,"minecraft:play_time":7690,"minecraft:time_since_death":7690,"minecraft:walk_one_cm":10659,"minecraft:sneak_time":336,"minecraft:total_world_time":7690,"minecraft:walk_under_water_one_cm":26809,"minecraft:swim_one_cm":9416,"minecraft:fall_one_cm":418,"minecraft:fly_one_cm":97041,"minecraft:horse_one_cm":240}},"DataVersion":3465}