{"stats":{"minecraft:custom":{"minecraft:mob_kills":15,"minecraft:interact_with_anvil":1,"minecraft:interact_with_crafting_table":1,"minecraft:damage_dealt_resisted":213,"minecraft:time_since_death":512,"minecraft:climb_one_cm":332,"minecraft:damage_resisted":92,"minecraft:time_since_rest":541,"minecraft:sprint_one_cm":122881,"minecraft:walk_one_cm":64729,"minecraft:damage_taken":4456,"minecraft:damage_absorbed":160,"minecraft:drop":2,"minecraft:damage_dealt":3886,"minecraft:swim_one_cm":4967,"minecraft:fly_one_cm":288244,"minecraft:player_kills":1,"minecraft:open_chest":1,"minecraft:crouch_one_cm":5293,"minecraft:play_time":41393,"minecraft:deaths":14,"minecraft:sneak_time":2217,"minecraft:walk_under_water_one_cm":868,"minecraft:aviate_one_cm":202380,"minecraft:jump":652,"minecraft:walk_on_water_one_cm":3579,"minecraft:total_world_time":41393,"minecraft:fall_one_cm":40071},"minecraft:crafted":{"minecraft:oak_planks":4,"minecraft:crafting_table":2,"minecraft:wooden_pickaxe":1,"minecraft:stick":4,"minecraft:wooden_axe":1,"minecraft:dark_oak_planks":32},"minecraft:picked_up":{"cataclysm:ignitium_chestplate":2,"minecraft:ladder":1,"minecraft:red_glazed_terracotta":1,"minecraft:oak_log":1,"cataclysm:ignitium_boots":1,"minecraft:dirt":8,"minecraft:string":4,"minecraft:moss_carpet":9,"minecraft:bone":13,"minecraft:wheat_seeds":7,"minecraft:cobbled_deepslate":2,"minecraft:spruce_planks":4,"twilightforest:glass_sword":1,"minecraft:rose_bush":3,"minecraft:player_head":1,"minecraft:azalea":1,"twigs:twig":2,"minecraft:spruce_trapdoor":1,"deep_aether:conberry_sapling":1,"betterend:elytra_crystalite":3,"minecraft:dark_oak_sapling":1,"minecraft:torch":3,"advancednetherite:netherite_diamond_leggings":1,"minecraft:spruce_stairs":2,"deeperdarker:heart_of_the_deep":4,"twigs:azalea_flowers":11,"minecraft:dark_oak_log":8,"cataclysm:ignitium_helmet":1,"minecraft:firework_rocket":192,"minecraft:rotten_flesh":2,"deep_aether:golden_flower":1,"minecraft:granite":2,"deep_aether:golden_grass_seeds":1,"minecraft:terracotta":8,"cataclysm:ignitium_leggings":2,"minecraft:cobblestone":1},"minecraft:mined":{"minecraft:dark_oak_leaves":4,"deep_aether:medium_golden_grass":1,"minecraft:dark_oak_log":8,"minecraft:grass_block":2,"minecraft:tall_grass":4,"deep_aether:short_golden_grass":3,"aether:aether_dirt":4,"deep_aether:golden_heights_grass_block":4,"minecraft:birch_leaves":3,"minecraft:grass":13,"biomesoplenty:clover":6,"minecraft:oak_log":1,"deep_aether:golden_vines_plant":1,"minecraft:terracotta":2,"minecraft:player_head":1,"minecraft:fern":2},"minecraft:killed_by":{"alexsmobs:raccoon":1,"minecraft:vindicator":2,"minecraft:player":3,"minecraft:skeleton":1,"minecraft:creeper":1,"minecraft:zombie":1},"minecraft:used":{"minecraft:oak_planks":4,"twilightforest:glass_sword":32,"minecraft:wooden_pickaxe":5,"minecraft:player_head":1,"minecraft:torch":74,"minecraft:dirt":5,"minecraft:crafting_table":1,"deeperdarker:warden_pickaxe":2,"minecraft:warden_spawn_egg":9,"minecraft:wooden_axe":1,"minecraft:firework_rocket":8,"cataclysm:ignitium_leggings":1,"minecraft:string":1,"deeperdarker:warden_sword":27,"betterend:elytra_crystalite":1,"cataclysm:ignitium_helmet":1,"cataclysm:ignitium_chestplate":13,"aether:golden_parachute":17,"minecraft:enchanted_golden_apple":1,"cataclysm:ignitium_elytra_chestplate":13},"minecraft:killed":{"minecraft:husk":1,"mowziesmobs:umvuthana_follower_player":3,"minecraft:spider":1,"quark:toretoise":1,"minecraft:skeleton":1,"minecraft:zombie":3,"alexsmobs:centipede_head":1,"minecraft:player":1},"minecraft:dropped":{"betterend:elytra_crystalite":1,"twilightforest:glass_sword":1},"minecraft:broken":{"aether:golden_parachute":1}},"DataVersion":3465}