{"stats":{"minecraft:custom":{"minecraft:time_since_rest":12379,"minecraft:sprint_one_cm":89973,"minecraft:damage_taken":1620,"minecraft:walk_one_cm":40779,"minecraft:interact_with_anvil":1,"minecraft:mob_kills":15,"minecraft:drop":1,"minecraft:damage_dealt":3337,"minecraft:swim_one_cm":4367,"minecraft:interact_with_crafting_table":1,"minecraft:fly_one_cm":212913,"minecraft:open_chest":1,"minecraft:crouch_one_cm":2391,"minecraft:play_time":29393,"minecraft:deaths":6,"minecraft:sneak_time":1440,"minecraft:walk_under_water_one_cm":114,"minecraft:damage_dealt_resisted":213,"minecraft:aviate_one_cm":2910,"minecraft:jump":414,"minecraft:walk_on_water_one_cm":2070,"minecraft:time_since_death":12329,"minecraft:climb_one_cm":220,"minecraft:total_world_time":29393,"minecraft:fall_one_cm":20860},"minecraft:crafted":{"minecraft:oak_planks":4,"minecraft:crafting_table":2,"minecraft:stick":4,"minecraft:wooden_pickaxe":1,"minecraft:wooden_axe":1,"minecraft:dark_oak_planks":32},"minecraft:picked_up":{"minecraft:dark_oak_sapling":1,"minecraft:ladder":1,"minecraft:torch":1,"minecraft:red_glazed_terracotta":1,"minecraft:spruce_stairs":2,"deeperdarker:heart_of_the_deep":3,"minecraft:oak_log":1,"minecraft:dark_oak_log":8,"minecraft:string":2,"minecraft:dirt":7,"minecraft:bone":11,"minecraft:rotten_flesh":2,"minecraft:wheat_seeds":2,"twilightforest:glass_sword":1,"minecraft:spruce_planks":4,"minecraft:granite":2,"minecraft:rose_bush":3,"minecraft:player_head":1,"minecraft:terracotta":8,"twigs:twig":2,"minecraft:spruce_trapdoor":1,"minecraft:cobblestone":1},"minecraft:mined":{"minecraft:dark_oak_leaves":4,"minecraft:dark_oak_log":8,"minecraft:birch_leaves":3,"minecraft:grass":7,"biomesoplenty:clover":6,"minecraft:grass_block":1,"minecraft:oak_log":1,"minecraft:tall_grass":2,"minecraft:terracotta":2,"minecraft:player_head":1,"minecraft:fern":1},"minecraft:killed_by":{"alexsmobs:raccoon":1,"minecraft:vindicator":2,"minecraft:skeleton":1,"minecraft:creeper":1},"minecraft:used":{"minecraft:warden_spawn_egg":9,"minecraft:wooden_axe":1,"cataclysm:ignitium_leggings":1,"minecraft:oak_planks":4,"deeperdarker:warden_sword":27,"twilightforest:glass_sword":11,"minecraft:wooden_pickaxe":5,"cataclysm:ignitium_helmet":1,"minecraft:player_head":1,"minecraft:torch":74,"cataclysm:ignitium_chestplate":13,"minecraft:dirt":5,"minecraft:crafting_table":1,"deeperdarker:warden_pickaxe":2,"cataclysm:ignitium_elytra_chestplate":13},"minecraft:killed":{"minecraft:skeleton":1,"minecraft:husk":1,"minecraft:zombie":3,"mowziesmobs:umvuthana_follower_player":3,"alexsmobs:centipede_head":1,"minecraft:spider":1,"quark:toretoise":1},"minecraft:dropped":{"twilightforest:glass_sword":1}},"DataVersion":3465}