{
  "xercamod:recipes/food/campfire_cooking_pizza_chicken_fish_fish": {
    "criteria": {
      "config": "2024-07-02 19:01:12 +0000"
    },
    "done": false
  },
  "xercamod:recipes/food/soda": {
    "criteria": {
      "config": "2024-07-02 19:01:12 +0000"
    },
    "done": false
  },
  "xercamod:recipes/food/raw_pizza_chicken_fish": {
    "criteria": {
      "config": "2024-07-02 19:01:12 +0000"
    },
    "done": false
  },
  "xercamod:recipes/food/campfire_cooking_pizza_chicken_chicken_fish": {
    "criteria": {
      "config": "2024-07-02 19:01:12 +0000"
    },
    "done": false
  },
  "xercamod:recipes/terracotta_tile/pink_terratile_slab": {
    "criteria": {
      "config": "2024-07-02 19:01:12 +0000"
    },
    "done": false
  },
  "aquaculture:recipes/aquaculture/heavy_hook": {
    "criteria": {
      "has_items": "2024-07-02 19:01:12 +0000"
    },
    "done": true
  },
  "mcwfences:recipes/dark_oak": {
    "criteria": {
      "has_dark_oak": "2024-07-02 19:01:12 +0000"
    },
    "done": true
  },
  "xercamod:recipes/food/smelting_pizza_meat": {
    "criteria": {
      "config": "2024-07-02 19:01:12 +0000"
    },
    "done": false
  },
  "xercamod:recipes/cushion/purple_cushion": {
    "criteria": {
      "config": "2024-07-02 19:01:12 +0000"
    },
    "done": false
  },
  "xercamod:recipes/food/raw_pizza_fish_pepperoni_pepperoni": {
    "criteria": {
      "config": "2024-07-02 19:01:12 +0000"
    },
    "done": false
  },
  "xercamod:recipes/food/campfire_cooking_pizza_mushroom_mushroom": {
    "criteria": {
      "config": "2024-07-02 19:01:12 +0000"
    },
    "done": false
  },
  "xercamod:recipes/food/smelting_pizza_meat_mushroom_pepperoni": {
    "criteria": {
      "config": "2024-07-02 19:01:12 +0000"
    },
    "done": false
  },
  "xercamod:recipes/leather_straw/item_block_straw": {
    "criteria": {
      "config": "2024-07-02 19:01:12 +0000"
    },
    "done": false
  },
  "xercamod:recipes/food/raw_pizza_fish_fish_pepperoni": {
    "criteria": {
      "config": "2024-07-02 19:01:12 +0000"
    },
    "done": false
  },
  "xercamod:recipes/food/smoking_pizza_chicken_mushroom_mushroom": {
    "criteria": {
      "config": "2024-07-02 19:01:12 +0000"
    },
    "done": false
  },
  "xercamod:recipes/food/smelting_pizza_pepperoni_pepperoni_pepperoni": {
    "criteria": {
      "config": "2024-07-02 19:01:12 +0000"
    },
    "done": false
  },
  "aquaculture:recipes/misc/neptunium_ingot_from_neptunium_block": {
    "criteria": {
      "has_items": "2024-07-02 19:01:12 +0000"
    },
    "done": true
  },
  "xercamod:recipes/terracotta_tile/gray_terratile_stairs": {
    "criteria": {
      "config": "2024-07-02 19:01:12 +0000"
    },
    "done": false
  },
  "mcwfences:recipes/crimson": {
    "criteria": {
      "has_crimson": "2024-07-02 19:01:12 +0000"
    },
    "done": true
  },
  "xercamod:recipes/food/raw_pizza_meat_meat_pepperoni": {
    "criteria": {
      "config": "2024-07-02 19:01:12 +0000"
    },
    "done": false
  },
  "xercamod:recipes/food/smoking_pizza_chicken_mushroom_pepperoni": {
    "criteria": {
      "config": "2024-07-02 19:01:12 +0000"
    },
    "done": false
  },
  "create:root": {
    "criteria": {
      "0": "2024-07-02 19:01:12 +0000"
    },
    "done": true
  },
  "xercamod:recipes/grab_hook/item_grab_hook": {
    "criteria": {
      "config": "2024-07-02 19:01:12 +0000"
    },
    "done": false
  },
  "xercamod:recipes/terracotta_tile/purple_terratile_slab": {
    "criteria": {
      "config": "2024-07-02 19:01:12 +0000"
    },
    "done": false
  },
  "xercamod:recipes/food/smoking_item_cooked_schnitzel": {
    "criteria": {
      "config": "2024-07-02 19:01:12 +0000"
    },
    "done": false
  },
  "xercamod:recipes/terracotta_tile/light_blue_terratile": {
    "criteria": {
      "config": "2024-07-02 19:01:12 +0000"
    },
    "done": false
  },
  "xercamod:recipes/food/sashimi": {
    "criteria": {
      "config": "2024-07-02 19:01:12 +0000"
    },
    "done": false
  },
  "xercamod:recipes/food/raw_pizza_fish_mushroom_pepperoni": {
    "criteria": {
      "config": "2024-07-02 19:01:12 +0000"
    },
    "done": false
  },
  "xercamod:recipes/cushion/pink_cushion": {
    "criteria": {
      "config": "2024-07-02 19:01:12 +0000"
    },
    "done": false
  },
  "xercamod:recipes/tea/item_teapot": {
    "criteria": {
      "config": "2024-07-02 19:01:12 +0000"
    },
    "done": false
  },
  "xercamod:recipes/food/smelting_pizza_fish_meat_meat": {
    "criteria": {
      "config": "2024-07-02 19:01:12 +0000"
    },
    "done": false
  },
  "minecraft:recipes/decorations/crafting_table": {
    "criteria": {
      "unlock_right_away": "2024-07-02 19:01:12 +0000"
    },
    "done": true
  },
  "xercamod:recipes/food/smelting_pizza_pepperoni_pepperoni": {
    "criteria": {
      "config": "2024-07-02 19:01:12 +0000"
    },
    "done": false
  },
  "minecraft:recipes/searchlight": {
    "criteria": {
      "exists": "2024-07-02 19:01:12 +0000"
    },
    "done": true
  },
  "mcwfences:recipes/jungle": {
    "criteria": {
      "has_jungle": "2024-07-02 19:01:12 +0000"
    },
    "done": true
  },
  "xercamod:recipes/food/campfire_cooking_pizza_chicken_mushroom_pepperoni": {
    "criteria": {
      "config": "2024-07-02 19:01:12 +0000"
    },
    "done": false
  },
  "xercamod:recipes/food/raw_pizza_meat_meat": {
    "criteria": {
      "config": "2024-07-02 19:01:12 +0000"
    },
    "done": false
  },
  "xercamod:recipes/food/campfire_cooking_pizza_fish_fish_mushroom": {
    "criteria": {
      "config": "2024-07-02 19:01:12 +0000"
    },
    "done": false
  },
  "xercamod:recipes/cushion/white_cushion": {
    "criteria": {
      "config": "2024-07-02 19:01:12 +0000"
    },
    "done": false
  },
  "xercamod:recipes/food/item_chicken_burger": {
    "criteria": {
      "config": "2024-07-02 19:01:12 +0000"
    },
    "done": false
  },
  "mcwfences:recipes/warped": {
    "criteria": {
      "has_warped": "2024-07-02 19:01:12 +0000"
    },
    "done": true
  },
  "xercamod:recipes/scythe/diamond_scythe": {
    "criteria": {
      "config": "2024-07-02 19:01:12 +0000"
    },
    "done": false
  },
  "xercamod:recipes/food/egg_sushi": {
    "criteria": {
      "config": "2024-07-02 19:01:12 +0000"
    },
    "done": false
  },
  "xercamod:recipes/food/campfire_cooking_pizza_chicken_chicken_mushroom": {
    "criteria": {
      "config": "2024-07-02 19:01:12 +0000"
    },
    "done": false
  },
  "xercamod:recipes/food/smoking_pizza_fish_fish_mushroom": {
    "criteria": {
      "config": "2024-07-02 19:01:12 +0000"
    },
    "done": false
  },
  "xercamod:recipes/terracotta_tile/lime_terratile": {
    "criteria": {
      "config": "2024-07-02 19:01:12 +0000"
    },
    "done": false
  },
  "xercamod:recipes/food/item_tomato_slices": {
    "criteria": {
      "config": "2024-07-02 19:01:12 +0000"
    },
    "done": false
  },
  "xercamod:recipes/food/campfire_cooking_pizza_mushroom_pepperoni": {
    "criteria": {
      "config": "2024-07-02 19:01:12 +0000"
    },
    "done": false
  },
  "xercamod:recipes/food/smelting_pizza_meat_meat_meat": {
    "criteria": {
      "config": "2024-07-02 19:01:12 +0000"
    },
    "done": false
  },
  "xercamod:recipes/terracotta_tile/light_blue_terratile_stairs": {
    "criteria": {
      "config": "2024-07-02 19:01:12 +0000"
    },
    "done": false
  },
  "xercamod:recipes/food/rice_pudding": {
    "criteria": {
      "config": "2024-07-02 19:01:12 +0000"
    },
    "done": false
  },
  "xercamod:recipes/food/campfire_cooking_pizza_meat_mushroom": {
    "criteria": {
      "config": "2024-07-02 19:01:12 +0000"
    },
    "done": false
  },
  "xercamod:recipes/food/smoking_item_shish_kebab": {
    "criteria": {
      "config": "2024-07-02 19:01:12 +0000"
    },
    "done": false
  },
  "xercamod:recipes/food/campfire_cooking_pizza_chicken_pepperoni_pepperoni": {
    "criteria": {
      "config": "2024-07-02 19:01:12 +0000"
    },
    "done": false
  },
  "xercamod:recipes/terracotta_tile/yellow_terratile": {
    "criteria": {
      "config": "2024-07-02 19:01:12 +0000"
    },
    "done": false
  },
  "xercamod:recipes/food/smoking_pizza_fish_fish_fish": {
    "criteria": {
      "config": "2024-07-02 19:01:12 +0000"
    },
    "done": false
  },
  "xercamod:recipes/food/raw_pizza_mushroom": {
    "criteria": {
      "config": "2024-07-02 19:01:12 +0000"
    },
    "done": false
  },
  "xercamod:recipes/food/campfire_cooking_pizza_mushroom_mushroom_pepperoni": {
    "criteria": {
      "config": "2024-07-02 19:01:12 +0000"
    },
    "done": false
  },
  "xercamod:recipes/coins/item_golden_coin_5": {
    "criteria": {
      "config": "2024-07-02 19:01:12 +0000"
    },
    "done": false
  },
  "xercamod:recipes/coins/item_golden_coin_1": {
    "criteria": {
      "config": "2024-07-02 19:01:12 +0000"
    },
    "done": false
  },
  "xercamod:recipes/food/item_apple_pie": {
    "criteria": {
      "config": "2024-07-02 19:01:12 +0000"
    },
    "done": false
  },
  "xercamod:recipes/terracotta_tile/lime_terratile_slab": {
    "criteria": {
      "config": "2024-07-02 19:01:12 +0000"
    },
    "done": false
  },
  "xercamod:recipes/food/raw_pizza_chicken_fish_mushroom": {
    "criteria": {
      "config": "2024-07-02 19:01:12 +0000"
    },
    "done": false
  },
  "xercamod:recipes/food/raw_pizza_chicken_fish_pepperoni": {
    "criteria": {
      "config": "2024-07-02 19:01:12 +0000"
    },
    "done": false
  },
  "xercamod:recipes/food/sweet_berry_juice": {
    "criteria": {
      "config": "2024-07-02 19:01:12 +0000"
    },
    "done": false
  },
  "xercamod:recipes/food/item_hamburger": {
    "criteria": {
      "config": "2024-07-02 19:01:12 +0000"
    },
    "done": false
  },
  "xercamod:recipes/food/raw_pizza_fish": {
    "criteria": {
      "config": "2024-07-02 19:01:12 +0000"
    },
    "done": false
  },
  "xercamod:recipes/terracotta_tile/cyan_terratile": {
    "criteria": {
      "config": "2024-07-02 19:01:12 +0000"
    },
    "done": false
  },
  "xercamod:recipes/food/item_pumpkin_juice": {
    "criteria": {
      "config": "2024-07-02 19:01:12 +0000"
    },
    "done": false
  },
  "xercamod:recipes/food/raw_pizza_meat_pepperoni_pepperoni": {
    "criteria": {
      "config": "2024-07-02 19:01:12 +0000"
    },
    "done": false
  },
  "xercamod:recipes/food/smoking_pizza_fish_mushroom": {
    "criteria": {
      "config": "2024-07-02 19:01:12 +0000"
    },
    "done": false
  },
  "xercamod:recipes/food/raw_pizza_chicken_fish_fish": {
    "criteria": {
      "config": "2024-07-02 19:01:12 +0000"
    },
    "done": false
  },
  "xercamod:recipes/food/campfire_cooking_pizza_fish_fish": {
    "criteria": {
      "config": "2024-07-02 19:01:12 +0000"
    },
    "done": false
  },
  "xercamod:recipes/terracotta_tile/black_terratile_slab": {
    "criteria": {
      "config": "2024-07-02 19:01:12 +0000"
    },
    "done": false
  },
  "xercamod:recipes/food/raw_pizza_chicken": {
    "criteria": {
      "config": "2024-07-02 19:01:12 +0000"
    },
    "done": false
  },
  "xercamod:recipes/food/raw_pizza_mushroom_mushroom": {
    "criteria": {
      "config": "2024-07-02 19:01:12 +0000"
    },
    "done": false
  },
  "xercamod:recipes/scythe/iron_scythe": {
    "criteria": {
      "config": "2024-07-02 19:01:12 +0000"
    },
    "done": false
  },
  "xercamod:recipes/coins/item_golden_coin_5_alt": {
    "criteria": {
      "config": "2024-07-02 19:01:12 +0000"
    },
    "done": false
  },
  "xercamod:recipes/food/smelting_pizza_chicken_pepperoni": {
    "criteria": {
      "config": "2024-07-02 19:01:12 +0000"
    },
    "done": false
  },
  "xercamod:recipes/food/raw_pizza_mushroom_pepperoni_pepperoni": {
    "criteria": {
      "config": "2024-07-02 19:01:12 +0000"
    },
    "done": false
  },
  "xercamod:recipes/food/smelting_pizza_chicken_fish_mushroom": {
    "criteria": {
      "config": "2024-07-02 19:01:12 +0000"
    },
    "done": false
  },
  "xercamod:recipes/food/smelting_pizza_mushroom": {
    "criteria": {
      "config": "2024-07-02 19:01:12 +0000"
    },
    "done": false
  },
  "xercamod:recipes/terracotta_tile/orange_terratile": {
    "criteria": {
      "config": "2024-07-02 19:01:12 +0000"
    },
    "done": false
  },
  "xercamod:recipes/food/campfire_cooking_item_cooked_schnitzel": {
    "criteria": {
      "config": "2024-07-02 19:01:12 +0000"
    },
    "done": false
  },
  "xercamod:recipes/food/cheese_slice": {
    "criteria": {
      "config": "2024-07-02 19:01:12 +0000"
    },
    "done": false
  },
  "xercamod:recipes/food/smoking_pizza_fish_meat": {
    "criteria": {
      "config": "2024-07-02 19:01:12 +0000"
    },
    "done": false
  },
  "xercamod:recipes/tea/item_ice_tea": {
    "criteria": {
      "config": "2024-07-02 19:01:12 +0000"
    },
    "done": false
  },
  "xercamod:recipes/food/raw_pizza": {
    "criteria": {
      "config": "2024-07-02 19:01:12 +0000"
    },
    "done": false
  },
  "xercamod:recipes/food/smoking_pizza_meat_pepperoni": {
    "criteria": {
      "config": "2024-07-02 19:01:12 +0000"
    },
    "done": false
  },
  "xercamod:recipes/food/item_fish_bread": {
    "criteria": {
      "config": "2024-07-02 19:01:12 +0000"
    },
    "done": false
  },
  "xercamod:recipes/food/campfire_cooking_pizza_meat_meat_pepperoni": {
    "criteria": {
      "config": "2024-07-02 19:01:12 +0000"
    },
    "done": false
  },
  "xercamod:recipes/food/smelting_pizza_fish_meat": {
    "criteria": {
      "config": "2024-07-02 19:01:12 +0000"
    },
    "done": false
  },
  "xercamod:recipes/food/campfire_cooking_item_tea_dried": {
    "criteria": {
      "config": "2024-07-02 19:01:12 +0000"
    },
    "done": false
  },
  "xercamod:recipes/food/smelting_pizza_chicken_fish_fish": {
    "criteria": {
      "config": "2024-07-02 19:01:12 +0000"
    },
    "done": false
  },
  "xercamod:recipes/food/smelting_pizza_meat_meat": {
    "criteria": {
      "config": "2024-07-02 19:01:12 +0000"
    },
    "done": false
  },
  "aquaculture:recipes/decorations/acacia_fish_mount": {
    "criteria": {
      "has_items": "2024-07-02 19:01:12 +0000"
    },
    "done": true
  },
  "xercamod:recipes/food/smoking_pizza_fish_meat_pepperoni": {
    "criteria": {
      "config": "2024-07-02 19:01:12 +0000"
    },
    "done": false
  },
  "xercamod:recipes/food/sake": {
    "criteria": {
      "config": "2024-07-02 19:01:12 +0000"
    },
    "done": false
  },
  "xercamod:recipes/food/raw_pizza_fish_fish_meat": {
    "criteria": {
      "config": "2024-07-02 19:01:12 +0000"
    },
    "done": false
  },
  "xercamod:recipes/food/campfire_cooking_pizza_fish_pepperoni_pepperoni": {
    "criteria": {
      "config": "2024-07-02 19:01:12 +0000"
    },
    "done": false
  },
  "xercamod:recipes/food/raw_pizza_fish_meat": {
    "criteria": {
      "config": "2024-07-02 19:01:12 +0000"
    },
    "done": false
  },
  "xercamod:recipes/food/campfire_cooking_pizza_fish_mushroom_mushroom": {
    "criteria": {
      "config": "2024-07-02 19:01:12 +0000"
    },
    "done": false
  },
  "betterdungeons:root": {
    "criteria": {
      "always": "2024-07-02 19:01:12 +0000"
    },
    "done": true
  },
  "xercamod:recipes/food/campfire_cooking_pizza_mushroom_mushroom_mushroom": {
    "criteria": {
      "config": "2024-07-02 19:01:12 +0000"
    },
    "done": false
  },
  "xercamod:recipes/food/campfire_cooking_pizza_meat_pepperoni_pepperoni": {
    "criteria": {
      "config": "2024-07-02 19:01:12 +0000"
    },
    "done": false
  },
  "xercamod:recipes/food/campfire_cooking_pizza_fish_fish_fish": {
    "criteria": {
      "config": "2024-07-02 19:01:12 +0000"
    },
    "done": false
  },
  "xercamod:recipes/food/raw_pizza_fish_meat_mushroom": {
    "criteria": {
      "config": "2024-07-02 19:01:12 +0000"
    },
    "done": false
  },
  "xercamod:recipes/cushion/blue_cushion": {
    "criteria": {
      "config": "2024-07-02 19:01:12 +0000"
    },
    "done": false
  },
  "xercamod:recipes/food/raw_pizza_chicken_mushroom": {
    "criteria": {
      "config": "2024-07-02 19:01:12 +0000"
    },
    "done": false
  },
  "xercamod:recipes/terracotta_tile/white_terratile": {
    "criteria": {
      "config": "2024-07-02 19:01:12 +0000"
    },
    "done": false
  },
  "xercamod:recipes/food/smoking_pizza_meat_meat": {
    "criteria": {
      "config": "2024-07-02 19:01:12 +0000"
    },
    "done": false
  },
  "xercamod:recipes/food/campfire_cooking_pizza_meat_meat_mushroom": {
    "criteria": {
      "config": "2024-07-02 19:01:12 +0000"
    },
    "done": false
  },
  "xercamod:recipes/food/smoking_pizza_chicken_chicken_fish": {
    "criteria": {
      "config": "2024-07-02 19:01:12 +0000"
    },
    "done": false
  },
  "xercamod:recipes/food/item_tomato_juice": {
    "criteria": {
      "config": "2024-07-02 19:01:12 +0000"
    },
    "done": false
  },
  "aquaculture:recipes/aquaculture/light_hook": {
    "criteria": {
      "has_items": "2024-07-02 19:01:12 +0000"
    },
    "done": true
  },
  "xercamod:recipes/food/smelting_item_yoghurt": {
    "criteria": {
      "config": "2024-07-02 19:01:12 +0000"
    },
    "done": false
  },
  "xercamod:recipes/food/item_melon_juice": {
    "criteria": {
      "config": "2024-07-02 19:01:12 +0000"
    },
    "done": false
  },
  "xercamod:recipes/food/smelting_pizza_chicken_mushroom": {
    "criteria": {
      "config": "2024-07-02 19:01:12 +0000"
    },
    "done": false
  },
  "xercamod:recipes/food/campfire_cooking_pizza_fish_meat_pepperoni": {
    "criteria": {
      "config": "2024-07-02 19:01:12 +0000"
    },
    "done": false
  },
  "xercamod:recipes/terracotta_tile/light_gray_terratile_slab": {
    "criteria": {
      "config": "2024-07-02 19:01:12 +0000"
    },
    "done": false
  },
  "xercamod:recipes/food/smoking_pizza_fish_meat_mushroom": {
    "criteria": {
      "config": "2024-07-02 19:01:12 +0000"
    },
    "done": false
  },
  "mcwfences:recipes/birch": {
    "criteria": {
      "has_birch": "2024-07-02 19:01:12 +0000"
    },
    "done": true
  },
  "xercamod:recipes/terracotta_tile/pink_terratile": {
    "criteria": {
      "config": "2024-07-02 19:01:12 +0000"
    },
    "done": false
  },
  "xercamod:recipes/food/raw_pizza_meat_mushroom_mushroom": {
    "criteria": {
      "config": "2024-07-02 19:01:12 +0000"
    },
    "done": false
  },
  "xercamod:recipes/food/sweet_berry_pie": {
    "criteria": {
      "config": "2024-07-02 19:01:12 +0000"
    },
    "done": false
  },
  "xercamod:recipes/terracotta_tile/black_terratile": {
    "criteria": {
      "config": "2024-07-02 19:01:12 +0000"
    },
    "done": false
  },
  "xercamod:recipes/cushion/light_blue_cushion": {
    "criteria": {
      "config": "2024-07-02 19:01:12 +0000"
    },
    "done": false
  },
  "xercamod:recipes/food/item_glass": {
    "criteria": {
      "config": "2024-07-02 19:01:12 +0000"
    },
    "done": false
  },
  "xercamod:recipes/terracotta_tile/terratile": {
    "criteria": {
      "config": "2024-07-02 19:01:12 +0000"
    },
    "done": false
  },
  "mcwfences:recipes/stone": {
    "criteria": {
      "has_stone": "2024-07-02 19:01:12 +0000"
    },
    "done": true
  },
  "xercamod:recipes/food/smelting_item_cooked_chicken_patty": {
    "criteria": {
      "config": "2024-07-02 19:01:12 +0000"
    },
    "done": false
  },
  "xercamod:recipes/food/smoking_pizza_pepperoni": {
    "criteria": {
      "config": "2024-07-02 19:01:12 +0000"
    },
    "done": false
  },
  "xercamod:recipes/confetti/item_confetti_ball": {
    "criteria": {
      "config": "2024-07-02 19:01:12 +0000"
    },
    "done": false
  },
  "xercamod:recipes/food/smoking_pizza_meat_mushroom_mushroom": {
    "criteria": {
      "config": "2024-07-02 19:01:12 +0000"
    },
    "done": false
  },
  "aquaculture:recipes/tools/iron_fishing_rod": {
    "criteria": {
      "has_vanilla_rod": "2024-07-02 19:01:12 +0000"
    },
    "done": true
  },
  "xercamod:recipes/food/oyakodon": {
    "criteria": {
      "config": "2024-07-02 19:01:12 +0000"
    },
    "done": false
  },
  "xercamod:recipes/food/raw_pizza_chicken_chicken": {
    "criteria": {
      "config": "2024-07-02 19:01:12 +0000"
    },
    "done": false
  },
  "xercamod:recipes/food/smoking_pizza_fish_pepperoni": {
    "criteria": {
      "config": "2024-07-02 19:01:12 +0000"
    },
    "done": false
  },
  "xercamod:recipes/terracotta_tile/green_terratile": {
    "criteria": {
      "config": "2024-07-02 19:01:12 +0000"
    },
    "done": false
  },
  "xercamod:recipes/food/campfire_cooking_pizza_chicken_fish": {
    "criteria": {
      "config": "2024-07-02 19:01:12 +0000"
    },
    "done": false
  },
  "xercamod:recipes/food/campfire_cooking_pizza_fish": {
    "criteria": {
      "config": "2024-07-02 19:01:12 +0000"
    },
    "done": false
  },
  "xercamod:recipes/scythe/wooden_scythe": {
    "criteria": {
      "has_item": "2024-07-02 20:01:02 +0000",
      "config": "2024-07-02 19:01:12 +0000"
    },
    "done": true
  },
  "xercamod:recipes/food/item_ultimate_top": {
    "criteria": {
      "config": "2024-07-02 19:01:12 +0000"
    },
    "done": false
  },
  "xercamod:recipes/terracotta_tile/magenta_terratile_stairs": {
    "criteria": {
      "config": "2024-07-02 19:01:12 +0000"
    },
    "done": false
  },
  "xercamod:recipes/omni_chest/omni_chest": {
    "criteria": {
      "config": "2024-07-02 19:01:12 +0000"
    },
    "done": false
  },
  "xercamod:recipes/food/smoking_pizza_meat": {
    "criteria": {
      "config": "2024-07-02 19:01:12 +0000"
    },
    "done": false
  },
  "xercamod:recipes/food/campfire_cooking_item_shish_kebab": {
    "criteria": {
      "config": "2024-07-02 19:01:12 +0000"
    },
    "done": false
  },
  "xercamod:recipes/food/raw_pizza_fish_fish_fish": {
    "criteria": {
      "config": "2024-07-02 19:01:12 +0000"
    },
    "done": false
  },
  "xercamod:recipes/food/smoking_pizza_mushroom_mushroom_mushroom": {
    "criteria": {
      "config": "2024-07-02 19:01:12 +0000"
    },
    "done": false
  },
  "xercamod:recipes/food/cheeseburger": {
    "criteria": {
      "config": "2024-07-02 19:01:12 +0000"
    },
    "done": false
  },
  "xercamod:recipes/terracotta_tile/blue_terratile_slab": {
    "criteria": {
      "config": "2024-07-02 19:01:12 +0000"
    },
    "done": false
  },
  "xercamod:recipes/food/campfire_cooking_item_cooked_chicken_patty": {
    "criteria": {
      "config": "2024-07-02 19:01:12 +0000"
    },
    "done": false
  },
  "xercamod:recipes/scythe/stone_scythe": {
    "criteria": {
      "config": "2024-07-02 19:01:12 +0000"
    },
    "done": false
  },
  "xercamod:recipes/food/item_carrot_cupcake": {
    "criteria": {
      "config": "2024-07-02 19:01:12 +0000"
    },
    "done": false
  },
  "theurgy:book_root": {
    "criteria": {
      "theurgy_present": "2024-07-02 19:01:12 +0000"
    },
    "done": true
  },
  "mcwfences:recipes/sandstone": {
    "criteria": {
      "has_sand": "2024-07-02 19:01:12 +0000"
    },
    "done": true
  },
  "xercamod:recipes/food/campfire_cooking_item_hot_teapot_6": {
    "criteria": {
      "config": "2024-07-02 19:01:12 +0000"
    },
    "done": false
  },
  "xercamod:recipes/food/campfire_cooking_item_hot_teapot_5": {
    "criteria": {
      "config": "2024-07-02 19:01:12 +0000"
    },
    "done": false
  },
  "xercamod:recipes/food/campfire_cooking_item_hot_teapot_7": {
    "criteria": {
      "config": "2024-07-02 19:01:12 +0000"
    },
    "done": false
  },
  "xercamod:recipes/food/campfire_cooking_item_hot_teapot_2": {
    "criteria": {
      "config": "2024-07-02 19:01:12 +0000"
    },
    "done": false
  },
  "xercamod:recipes/food/campfire_cooking_item_hot_teapot_1": {
    "criteria": {
      "config": "2024-07-02 19:01:12 +0000"
    },
    "done": false
  },
  "xercamod:recipes/food/campfire_cooking_item_hot_teapot_4": {
    "criteria": {
      "config": "2024-07-02 19:01:12 +0000"
    },
    "done": false
  },
  "xercamod:recipes/food/campfire_cooking_item_hot_teapot_3": {
    "criteria": {
      "config": "2024-07-02 19:01:12 +0000"
    },
    "done": false
  },
  "xercamod:recipes/food/raw_pizza_chicken_pepperoni_pepperoni": {
    "criteria": {
      "config": "2024-07-02 19:01:12 +0000"
    },
    "done": false
  },
  "xercamod:recipes/food/smoking_pizza_mushroom_pepperoni": {
    "criteria": {
      "config": "2024-07-02 19:01:12 +0000"
    },
    "done": false
  },
  "aquaculture:recipes/decorations/oak_fish_mount": {
    "criteria": {
      "has_items": "2024-07-02 19:01:12 +0000"
    },
    "done": true
  },
  "mcwfences:recipes/acacia": {
    "criteria": {
      "has_acacia": "2024-07-02 19:01:12 +0000"
    },
    "done": true
  },
  "xercamod:recipes/cushion/brown_cushion": {
    "criteria": {
      "config": "2024-07-02 19:01:12 +0000"
    },
    "done": false
  },
  "xercamod:recipes/food/smelting_cooked_rice": {
    "criteria": {
      "config": "2024-07-02 19:01:12 +0000"
    },
    "done": false
  },
  "xercamod:recipes/food/smelting_pizza_chicken_fish": {
    "criteria": {
      "config": "2024-07-02 19:01:12 +0000"
    },
    "done": false
  },
  "xercamod:recipes/food/smelting_pizza_fish_mushroom_mushroom": {
    "criteria": {
      "config": "2024-07-02 19:01:12 +0000"
    },
    "done": false
  },
  "xercamod:recipes/food/item_wheat_juice": {
    "criteria": {
      "config": "2024-07-02 19:01:12 +0000"
    },
    "done": false
  },
  "xercamod:recipes/food/campfire_cooking_pizza_pepperoni": {
    "criteria": {
      "config": "2024-07-02 19:01:12 +0000"
    },
    "done": false
  },
  "mcwfences:recipes/oak": {
    "criteria": {
      "has_oak": "2024-07-02 19:01:12 +0000"
    },
    "done": true
  },
  "xercamod:recipes/food/campfire_cooking_item_cooked_patty": {
    "criteria": {
      "config": "2024-07-02 19:01:12 +0000"
    },
    "done": false
  },
  "xercamod:recipes/food/smelting_pizza_fish_mushroom_pepperoni": {
    "criteria": {
      "config": "2024-07-02 19:01:12 +0000"
    },
    "done": false
  },
  "xercamod:recipes/food/omurice": {
    "criteria": {
      "config": "2024-07-02 19:01:12 +0000"
    },
    "done": false
  },
  "xercamod:recipes/food/item_potato_slices": {
    "criteria": {
      "config": "2024-07-02 19:01:12 +0000"
    },
    "done": false
  },
  "xercamod:recipes/terracotta_tile/blue_terratile": {
    "criteria": {
      "config": "2024-07-02 19:01:12 +0000"
    },
    "done": false
  },
  "xercamod:recipes/food/sushi": {
    "criteria": {
      "config": "2024-07-02 19:01:12 +0000"
    },
    "done": false
  },
  "xercamod:recipes/warhammer/item_iron_warhammer": {
    "criteria": {
      "config": "2024-07-02 19:01:12 +0000"
    },
    "done": false
  },
  "xercamod:recipes/terracotta_tile/purple_terratile": {
    "criteria": {
      "config": "2024-07-02 19:01:12 +0000"
    },
    "done": false
  },
  "xercamod:recipes/terracotta_tile/light_blue_terratile_slab": {
    "criteria": {
      "config": "2024-07-02 19:01:12 +0000"
    },
    "done": false
  },
  "xercamod:recipes/food/smelting_item_cooked_patty": {
    "criteria": {
      "config": "2024-07-02 19:01:12 +0000"
    },
    "done": false
  },
  "aquaculture:recipes/aquaculture/double_hook": {
    "criteria": {
      "has_items": "2024-07-02 19:01:12 +0000"
    },
    "done": true
  },
  "xercamod:recipes/food/smoking_pizza_pepperoni_pepperoni_pepperoni": {
    "criteria": {
      "config": "2024-07-02 19:01:12 +0000"
    },
    "done": false
  },
  "xercamod:recipes/food/campfire_cooking_pizza_chicken_meat_mushroom": {
    "criteria": {
      "config": "2024-07-02 19:01:12 +0000"
    },
    "done": false
  },
  "xercamod:recipes/food/raw_pizza_pepperoni": {
    "criteria": {
      "config": "2024-07-02 19:01:12 +0000"
    },
    "done": false
  },
  "xercamod:recipes/food/smoking_item_potato_fries": {
    "criteria": {
      "config": "2024-07-02 19:01:12 +0000"
    },
    "done": false
  },
  "xercamod:recipes/food/smoking_item_cooked_patty": {
    "criteria": {
      "config": "2024-07-02 19:01:12 +0000"
    },
    "done": false
  },
  "xercamod:recipes/food/smelting_pizza_fish_pepperoni": {
    "criteria": {
      "config": "2024-07-02 19:01:12 +0000"
    },
    "done": false
  },
  "mcwfences:recipes/hedge": {
    "criteria": {
      "has_birch": "2024-07-02 19:01:12 +0000"
    },
    "done": true
  },
  "xercamod:recipes/food/raw_pizza_chicken_meat_pepperoni": {
    "criteria": {
      "config": "2024-07-02 19:01:12 +0000"
    },
    "done": false
  },
  "betterdeserttemples:root": {
    "criteria": {
      "always": "2024-07-02 19:01:12 +0000"
    },
    "done": true
  },
  "aquaculture:recipes/aquaculture/fishing_line": {
    "criteria": {
      "has_items": "2024-07-02 19:01:12 +0000"
    },
    "done": true
  },
  "xercamod:recipes/cushion/magenta_cushion": {
    "criteria": {
      "config": "2024-07-02 19:01:12 +0000"
    },
    "done": false
  },
  "xercamod:recipes/food/raw_pizza_chicken_chicken_meat": {
    "criteria": {
      "config": "2024-07-02 19:01:12 +0000"
    },
    "done": false
  },
  "xercamod:recipes/courtroom/item_prosecutor_badge": {
    "criteria": {
      "config": "2024-07-02 19:01:12 +0000"
    },
    "done": false
  },
  "xercamod:recipes/food/smoking_pizza_meat_mushroom": {
    "criteria": {
      "config": "2024-07-02 19:01:12 +0000"
    },
    "done": false
  },
  "xercamod:recipes/food/smoking_pizza_pepperoni_pepperoni": {
    "criteria": {
      "config": "2024-07-02 19:01:12 +0000"
    },
    "done": false
  },
  "aquaculture:recipes/aquaculture/iron_hook": {
    "criteria": {
      "has_items": "2024-07-02 19:01:12 +0000"
    },
    "done": true
  },
  "xercamod:recipes/food/item_pumpkin_cupcake": {
    "criteria": {
      "config": "2024-07-02 19:01:12 +0000"
    },
    "done": false
  },
  "xercamod:recipes/food/campfire_cooking_pizza_chicken_mushroom": {
    "criteria": {
      "config": "2024-07-02 19:01:12 +0000"
    },
    "done": false
  },
  "xercamod:recipes/terracotta_tile/lime_terratile_stairs": {
    "criteria": {
      "config": "2024-07-02 19:01:12 +0000"
    },
    "done": false
  },
  "xercamod:recipes/food/raw_pizza_fish_meat_pepperoni": {
    "criteria": {
      "config": "2024-07-02 19:01:12 +0000"
    },
    "done": false
  },
  "aquaculture:recipes/misc/jellyfish_to_slimeball": {
    "criteria": {
      "has_items": "2024-07-02 19:01:12 +0000"
    },
    "done": true
  },
  "xercamod:recipes/terracotta_tile/yellow_terratile_slab": {
    "criteria": {
      "config": "2024-07-02 19:01:12 +0000"
    },
    "done": false
  },
  "xercamod:recipes/food/raw_pizza_pepperoni_pepperoni_pepperoni": {
    "criteria": {
      "config": "2024-07-02 19:01:12 +0000"
    },
    "done": false
  },
  "xercamod:recipes/food/item_alexander": {
    "criteria": {
      "config": "2024-07-02 19:01:12 +0000"
    },
    "done": false
  },
  "xercamod:recipes/food/raw_pizza_chicken_pepperoni": {
    "criteria": {
      "config": "2024-07-02 19:01:12 +0000"
    },
    "done": false
  },
  "xercamod:recipes/food/smoking_pizza_chicken_fish_meat": {
    "criteria": {
      "config": "2024-07-02 19:01:12 +0000"
    },
    "done": false
  },
  "xercamod:recipes/terracotta_tile/magenta_terratile": {
    "criteria": {
      "config": "2024-07-02 19:01:12 +0000"
    },
    "done": false
  },
  "xercamod:recipes/food/smelting_pizza_chicken_chicken_meat": {
    "criteria": {
      "config": "2024-07-02 19:01:12 +0000"
    },
    "done": false
  },
  "xercamod:recipes/food/smelting_pizza_mushroom_pepperoni_pepperoni": {
    "criteria": {
      "config": "2024-07-02 19:01:12 +0000"
    },
    "done": false
  },
  "xercamod:recipes/warhammer/item_gold_warhammer": {
    "criteria": {
      "config": "2024-07-02 19:01:12 +0000"
    },
    "done": false
  },
  "aquaculture:recipes/tools/diamond_fishing_rod": {
    "criteria": {
      "has_vanilla_rod": "2024-07-02 19:01:12 +0000"
    },
    "done": true
  },
  "xercamod:recipes/food/raw_pizza_meat_meat_meat": {
    "criteria": {
      "config": "2024-07-02 19:01:12 +0000"
    },
    "done": false
  },
  "xercamod:recipes/food/item_raw_schnitzel": {
    "criteria": {
      "config": "2024-07-02 19:01:12 +0000"
    },
    "done": false
  },
  "xercamod:recipes/food/smoking_item_fried_egg": {
    "criteria": {
      "config": "2024-07-02 19:01:12 +0000"
    },
    "done": false
  },
  "xercamod:recipes/food/smelting_pizza_fish_mushroom": {
    "criteria": {
      "config": "2024-07-02 19:01:12 +0000"
    },
    "done": false
  },
  "xercamod:recipes/food/item_chubby_doner": {
    "criteria": {
      "config": "2024-07-02 19:01:12 +0000"
    },
    "done": false
  },
  "xercamod:recipes/terracotta_tile/brown_terratile_stairs": {
    "criteria": {
      "config": "2024-07-02 19:01:12 +0000"
    },
    "done": false
  },
  "xercamod:recipes/tea/item_teacup": {
    "criteria": {
      "config": "2024-07-02 19:01:12 +0000"
    },
    "done": false
  },
  "xercamod:recipes/food/item_croissant": {
    "criteria": {
      "config": "2024-07-02 19:01:12 +0000"
    },
    "done": false
  },
  "xercamod:recipes/food/smelting_pizza_fish_fish_meat": {
    "criteria": {
      "config": "2024-07-02 19:01:12 +0000"
    },
    "done": false
  },
  "xercamod:recipes/food/campfire_cooking_pizza_mushroom": {
    "criteria": {
      "config": "2024-07-02 19:01:12 +0000"
    },
    "done": false
  },
  "xercamod:recipes/food/smelting_pizza_fish_meat_pepperoni": {
    "criteria": {
      "config": "2024-07-02 19:01:12 +0000"
    },
    "done": false
  },
  "xercamod:recipes/food/campfire_cooking_pizza_chicken_mushroom_mushroom": {
    "criteria": {
      "config": "2024-07-02 19:01:12 +0000"
    },
    "done": false
  },
  "xercamod:recipes/terracotta_tile/white_terratile_slab": {
    "criteria": {
      "config": "2024-07-02 19:01:12 +0000"
    },
    "done": false
  },
  "xercamod:recipes/food/smoking_pizza_chicken_fish": {
    "criteria": {
      "config": "2024-07-02 19:01:12 +0000"
    },
    "done": false
  },
  "xercamod:recipes/food/raw_pizza_chicken_chicken_chicken": {
    "criteria": {
      "config": "2024-07-02 19:01:12 +0000"
    },
    "done": false
  },
  "xercamod:recipes/food/campfire_cooking_pizza_fish_mushroom": {
    "criteria": {
      "config": "2024-07-02 19:01:12 +0000"
    },
    "done": false
  },
  "xercamod:recipes/food/squid_ink_paella": {
    "criteria": {
      "config": "2024-07-02 19:01:12 +0000"
    },
    "done": false
  },
  "xercamod:recipes/food/raw_pizza_meat_mushroom_pepperoni": {
    "criteria": {
      "config": "2024-07-02 19:01:12 +0000"
    },
    "done": false
  },
  "xercamod:recipes/food/smoking_pizza_fish_fish_pepperoni": {
    "criteria": {
      "config": "2024-07-02 19:01:12 +0000"
    },
    "done": false
  },
  "xercamod:recipes/food/raw_pizza_chicken_meat_mushroom": {
    "criteria": {
      "config": "2024-07-02 19:01:12 +0000"
    },
    "done": false
  },
  "xercamod:recipes/food/ender_cupcake": {
    "criteria": {
      "config": "2024-07-02 19:01:12 +0000"
    },
    "done": false
  },
  "xercamod:recipes/food/campfire_cooking_pizza_fish_meat_mushroom": {
    "criteria": {
      "config": "2024-07-02 19:01:12 +0000"
    },
    "done": false
  },
  "xercamod:recipes/food/glowberry_cupcake": {
    "criteria": {
      "config": "2024-07-02 19:01:12 +0000"
    },
    "done": false
  },
  "xercamod:recipes/food/smelting_pizza_chicken_meat_pepperoni": {
    "criteria": {
      "config": "2024-07-02 19:01:12 +0000"
    },
    "done": false
  },
  "aquaculture:recipes/misc/tin_can_to_iron_nugget": {
    "criteria": {
      "has_items": "2024-07-02 19:01:12 +0000"
    },
    "done": true
  },
  "xercamod:recipes/terracotta_tile/cyan_terratile_slab": {
    "criteria": {
      "config": "2024-07-02 19:01:12 +0000"
    },
    "done": false
  },
  "xercamod:recipes/food/smelting_pizza_fish_meat_mushroom": {
    "criteria": {
      "config": "2024-07-02 19:01:12 +0000"
    },
    "done": false
  },
  "xercamod:recipes/leather_straw/item_block_leather": {
    "criteria": {
      "config": "2024-07-02 19:01:12 +0000"
    },
    "done": false
  },
  "xercamod:recipes/terracotta_tile/terratile_slab": {
    "criteria": {
      "config": "2024-07-02 19:01:12 +0000"
    },
    "done": false
  },
  "xercamod:recipes/food/sweet_berry_cupcake_fancy": {
    "criteria": {
      "config": "2024-07-02 19:01:12 +0000"
    },
    "done": false
  },
  "xercamod:recipes/terracotta_tile/orange_terratile_stairs": {
    "criteria": {
      "config": "2024-07-02 19:01:12 +0000"
    },
    "done": false
  },
  "xercamod:recipes/food/campfire_cooking_pizza_chicken_fish_pepperoni": {
    "criteria": {
      "config": "2024-07-02 19:01:12 +0000"
    },
    "done": false
  },
  "xercamod:recipes/food/item_ultimate_burger": {
    "criteria": {
      "config": "2024-07-02 19:01:12 +0000"
    },
    "done": false
  },
  "xercamod:recipes/food/smelting_item_cooked_schnitzel": {
    "criteria": {
      "config": "2024-07-02 19:01:12 +0000"
    },
    "done": false
  },
  "xercamod:recipes/terracotta_tile/light_gray_terratile_stairs": {
    "criteria": {
      "config": "2024-07-02 19:01:12 +0000"
    },
    "done": false
  },
  "xercamod:recipes/food/raw_pizza_fish_pepperoni": {
    "criteria": {
      "config": "2024-07-02 19:01:12 +0000"
    },
    "done": false
  },
  "xercamod:recipes/food/smelting_pizza_chicken_fish_meat": {
    "criteria": {
      "config": "2024-07-02 19:01:12 +0000"
    },
    "done": false
  },
  "xercamod:recipes/food/item_fancy_apple_cupcake": {
    "criteria": {
      "config": "2024-07-02 19:01:12 +0000"
    },
    "done": false
  },
  "xercamod:recipes/food/campfire_cooking_pizza_meat_meat_meat": {
    "criteria": {
      "config": "2024-07-02 19:01:12 +0000"
    },
    "done": false
  },
  "xercamod:recipes/leather_straw/sugar_cane": {
    "criteria": {
      "config": "2024-07-02 19:01:12 +0000"
    },
    "done": false
  },
  "xercamod:recipes/food/smoking_pizza_fish_mushroom_mushroom": {
    "criteria": {
      "config": "2024-07-02 19:01:12 +0000"
    },
    "done": false
  },
  "xercamod:recipes/food/smoking_item_tea_dried": {
    "criteria": {
      "config": "2024-07-02 19:01:12 +0000"
    },
    "done": false
  },
  "aquaculture:recipes/decorations/birch_fish_mount": {
    "criteria": {
      "has_items": "2024-07-02 19:01:12 +0000"
    },
    "done": true
  },
  "xercamod:recipes/food/nigiri_sushi": {
    "criteria": {
      "config": "2024-07-02 19:01:12 +0000"
    },
    "done": false
  },
  "xercamod:recipes/food/campfire_cooking_pizza_chicken_chicken_meat": {
    "criteria": {
      "config": "2024-07-02 19:01:12 +0000"
    },
    "done": false
  },
  "xercamod:recipes/food/item_chicken_wrap": {
    "criteria": {
      "config": "2024-07-02 19:01:12 +0000"
    },
    "done": false
  },
  "xercamod:recipes/food/raw_pizza_chicken_meat": {
    "criteria": {
      "config": "2024-07-02 19:01:12 +0000"
    },
    "done": false
  },
  "xercamod:recipes/food/campfire_cooking_pizza_meat_meat": {
    "criteria": {
      "config": "2024-07-02 19:01:12 +0000"
    },
    "done": false
  },
  "mcwfences:recipes/prismarine": {
    "criteria": {
      "has_qq": "2024-07-02 19:01:12 +0000"
    },
    "done": true
  },
  "mcwfences:recipes/quartz": {
    "criteria": {
      "has_qq": "2024-07-02 19:01:12 +0000"
    },
    "done": true
  },
  "xercamod:recipes/food/glow_squid_ink_paella": {
    "criteria": {
      "config": "2024-07-02 19:01:12 +0000"
    },
    "done": false
  },
  "xercamod:recipes/food/smelting_pizza_chicken_fish_pepperoni": {
    "criteria": {
      "config": "2024-07-02 19:01:12 +0000"
    },
    "done": false
  },
  "xercamod:recipes/leather_straw/leather": {
    "criteria": {
      "config": "2024-07-02 19:01:12 +0000"
    },
    "done": false
  },
  "xercamod:recipes/food/smelting_pizza_fish": {
    "criteria": {
      "config": "2024-07-02 19:01:12 +0000"
    },
    "done": false
  },
  "xercamod:recipes/food/raw_pizza_fish_mushroom_mushroom": {
    "criteria": {
      "config": "2024-07-02 19:01:12 +0000"
    },
    "done": false
  },
  "xercamod:recipes/food/smoking_pizza_chicken_pepperoni": {
    "criteria": {
      "config": "2024-07-02 19:01:12 +0000"
    },
    "done": false
  },
  "aquaculture:recipes/misc/iron_nugget_from_smelting": {
    "criteria": {
      "has_fishing_rod": "2024-07-02 19:01:12 +0000",
      "has_fillet_knife": "2024-07-02 19:01:12 +0000"
    },
    "done": true
  },
  "xercamod:recipes/terracotta_tile/brown_terratile_slab": {
    "criteria": {
      "config": "2024-07-02 19:01:12 +0000"
    },
    "done": false
  },
  "xercamod:recipes/food/campfire_cooking_pizza_chicken_fish_mushroom": {
    "criteria": {
      "config": "2024-07-02 19:01:12 +0000"
    },
    "done": false
  },
  "xercamod:recipes/food/smelting_pizza_chicken_chicken_chicken": {
    "criteria": {
      "config": "2024-07-02 19:01:12 +0000"
    },
    "done": false
  },
  "xercamod:recipes/food/cheese_toast": {
    "criteria": {
      "config": "2024-07-02 19:01:12 +0000"
    },
    "done": false
  },
  "xercamod:recipes/food/campfire_cooking_pizza_chicken": {
    "criteria": {
      "config": "2024-07-02 19:01:12 +0000"
    },
    "done": false
  },
  "repurposed_structures:root": {
    "criteria": {
      "always": "2024-07-02 19:01:12 +0000"
    },
    "done": true
  },
  "xercamod:recipes/terracotta_tile/cyan_terratile_stairs": {
    "criteria": {
      "config": "2024-07-02 19:01:12 +0000"
    },
    "done": false
  },
  "aquaculture:recipes/tools/golden_fishing_rod": {
    "criteria": {
      "has_vanilla_rod": "2024-07-02 19:01:12 +0000"
    },
    "done": true
  },
  "xercamod:recipes/terracotta_tile/white_terratile_stairs": {
    "criteria": {
      "config": "2024-07-02 19:01:12 +0000"
    },
    "done": false
  },
  "xercamod:recipes/food/item_glass_of_milk": {
    "criteria": {
      "config": "2024-07-02 19:01:12 +0000"
    },
    "done": false
  },
  "aquaculture:recipes/misc/gold_nugget_from_smelting": {
    "criteria": {
      "has_fishing_rod": "2024-07-02 19:01:12 +0000",
      "has_fillet_knife": "2024-07-02 19:01:12 +0000"
    },
    "done": true
  },
  "xercamod:recipes/food/smelting_pizza_mushroom_pepperoni": {
    "criteria": {
      "config": "2024-07-02 19:01:12 +0000"
    },
    "done": false
  },
  "xercamod:recipes/food/raw_pizza_mushroom_pepperoni": {
    "criteria": {
      "config": "2024-07-02 19:01:12 +0000"
    },
    "done": false
  },
  "xercamod:recipes/food/smoking_pizza_mushroom_mushroom_pepperoni": {
    "criteria": {
      "config": "2024-07-02 19:01:12 +0000"
    },
    "done": false
  },
  "xercamod:recipes/terracotta_tile/blue_terratile_stairs": {
    "criteria": {
      "config": "2024-07-02 19:01:12 +0000"
    },
    "done": false
  },
  "xercamod:recipes/food/campfire_cooking_pizza": {
    "criteria": {
      "config": "2024-07-02 19:01:12 +0000"
    },
    "done": false
  },
  "xercamod:recipes/food/item_melon_cupcake": {
    "criteria": {
      "config": "2024-07-02 19:01:12 +0000"
    },
    "done": false
  },
  "xercamod:recipes/carved_wood/carving_station": {
    "criteria": {
      "config": "2024-07-02 19:01:12 +0000"
    },
    "done": false
  },
  "xercamod:recipes/food/beef_donburi": {
    "criteria": {
      "config": "2024-07-02 19:01:12 +0000"
    },
    "done": false
  },
  "mcwfences:recipes/mangrove": {
    "criteria": {
      "has_mangrove": "2024-07-02 19:01:12 +0000"
    },
    "done": true
  },
  "xercamod:recipes/food/smelting_pizza_fish_fish_mushroom": {
    "criteria": {
      "config": "2024-07-02 19:01:12 +0000"
    },
    "done": false
  },
  "xercamod:recipes/food/item_chocolate": {
    "criteria": {
      "config": "2024-07-02 19:01:12 +0000"
    },
    "done": false
  },
  "xercamod:recipes/food/smoking_pizza_chicken_pepperoni_pepperoni": {
    "criteria": {
      "config": "2024-07-02 19:01:12 +0000"
    },
    "done": false
  },
  "xercamod:recipes/food/campfire_cooking_pizza_meat_mushroom_mushroom": {
    "criteria": {
      "config": "2024-07-02 19:01:12 +0000"
    },
    "done": false
  },
  "xercamod:recipes/food/smoking_pizza_fish_mushroom_pepperoni": {
    "criteria": {
      "config": "2024-07-02 19:01:12 +0000"
    },
    "done": false
  },
  "xercamod:recipes/food/sweet_berry_cupcake": {
    "criteria": {
      "config": "2024-07-02 19:01:12 +0000"
    },
    "done": false
  },
  "aquaculture:recipes/misc/bonemeal_from_fish_bones": {
    "criteria": {
      "has_items": "2024-07-02 19:01:12 +0000"
    },
    "done": true
  },
  "xercamod:recipes/food/smoking_pizza_chicken_fish_mushroom": {
    "criteria": {
      "config": "2024-07-02 19:01:12 +0000"
    },
    "done": false
  },
  "xercamod:recipes/food/smoking_pizza_chicken": {
    "criteria": {
      "config": "2024-07-02 19:01:12 +0000"
    },
    "done": false
  },
  "xercamod:recipes/food/smoking_pizza_fish_fish": {
    "criteria": {
      "config": "2024-07-02 19:01:12 +0000"
    },
    "done": false
  },
  "xercamod:recipes/food/campfire_cooking_pizza_chicken_fish_meat": {
    "criteria": {
      "config": "2024-07-02 19:01:12 +0000"
    },
    "done": false
  },
  "xercamod:recipes/terracotta_tile/light_gray_terratile": {
    "criteria": {
      "config": "2024-07-02 19:01:12 +0000"
    },
    "done": false
  },
  "xercamod:recipes/food/campfire_cooking_pizza_fish_pepperoni": {
    "criteria": {
      "config": "2024-07-02 19:01:12 +0000"
    },
    "done": false
  },
  "mcwfences:recipes/nether": {
    "criteria": {
      "has_nether_brick": "2024-07-02 19:01:12 +0000"
    },
    "done": true
  },
  "xercamod:achievements/root": {
    "criteria": {
      "crafting_table": "2024-07-02 19:01:12 +0000"
    },
    "done": true
  },
  "xercamod:recipes/food/smelting_pizza_meat_mushroom_mushroom": {
    "criteria": {
      "config": "2024-07-02 19:01:12 +0000"
    },
    "done": false
  },
  "xercamod:recipes/terracotta_tile/brown_terratile": {
    "criteria": {
      "config": "2024-07-02 19:01:12 +0000"
    },
    "done": false
  },
  "xercamod:recipes/terracotta_tile/green_terratile_stairs": {
    "criteria": {
      "config": "2024-07-02 19:01:12 +0000"
    },
    "done": false
  },
  "xercamod:recipes/food/campfire_cooking_pizza_pepperoni_pepperoni": {
    "criteria": {
      "config": "2024-07-02 19:01:12 +0000"
    },
    "done": false
  },
  "xercamod:recipes/food/raw_pizza_pepperoni_pepperoni": {
    "criteria": {
      "config": "2024-07-02 19:01:12 +0000"
    },
    "done": false
  },
  "xercamod:recipes/food/campfire_cooking_pizza_fish_meat_meat": {
    "criteria": {
      "config": "2024-07-02 19:01:12 +0000"
    },
    "done": false
  },
  "xercamod:recipes/warhammer/item_stone_warhammer": {
    "criteria": {
      "config": "2024-07-02 19:01:12 +0000"
    },
    "done": false
  },
  "xercamod:recipes/food/item_mushroom_burger": {
    "criteria": {
      "config": "2024-07-02 19:01:12 +0000"
    },
    "done": false
  },
  "xercamod:recipes/bookcase/item_bookcase": {
    "criteria": {
      "has_item": "2024-07-02 20:01:02 +0000",
      "config": "2024-07-02 19:01:12 +0000"
    },
    "done": true
  },
  "xercamod:recipes/ender_flask/ender_bow": {
    "criteria": {
      "config": "2024-07-02 19:01:12 +0000"
    },
    "done": false
  },
  "mcwfences:recipes/bamboo": {
    "criteria": {
      "has_bamboo": "2024-07-02 19:01:12 +0000"
    },
    "done": true
  },
  "aquaculture:recipes/misc/brown_mushroom_from_fish": {
    "criteria": {
      "has_items": "2024-07-02 19:01:12 +0000"
    },
    "done": true
  },
  "xercamod:recipes/food/smelting_pizza_chicken_mushroom_pepperoni": {
    "criteria": {
      "config": "2024-07-02 19:01:12 +0000"
    },
    "done": false
  },
  "xercamod:recipes/food/smelting_item_potato_fries": {
    "criteria": {
      "config": "2024-07-02 19:01:12 +0000"
    },
    "done": false
  },
  "xercamod:recipes/food/item_fancy_donut": {
    "criteria": {
      "config": "2024-07-02 19:01:12 +0000"
    },
    "done": false
  },
  "xercamod:recipes/terracotta_tile/black_terratile_stairs": {
    "criteria": {
      "config": "2024-07-02 19:01:12 +0000"
    },
    "done": false
  },
  "xercamod:recipes/confetti/item_confetti": {
    "criteria": {
      "config": "2024-07-02 19:01:12 +0000"
    },
    "done": false
  },
  "xercamod:recipes/coins/gold_nugget": {
    "criteria": {
      "config": "2024-07-02 19:01:12 +0000"
    },
    "done": false
  },
  "xercamod:recipes/food/smelting_pizza_meat_mushroom": {
    "criteria": {
      "config": "2024-07-02 19:01:12 +0000"
    },
    "done": false
  },
  "xercamod:recipes/terracotta_tile/red_terratile_stairs": {
    "criteria": {
      "config": "2024-07-02 19:01:12 +0000"
    },
    "done": false
  },
  "xercamod:recipes/food/smelting_pizza_fish_fish": {
    "criteria": {
      "config": "2024-07-02 19:01:12 +0000"
    },
    "done": false
  },
  "dungeons_arise:wda_root": {
    "criteria": {
      "WDA": "2024-07-02 19:01:12 +0000"
    },
    "done": true
  },
  "xercamod:recipes/food/item_sprinkles": {
    "criteria": {
      "config": "2024-07-02 19:01:12 +0000"
    },
    "done": false
  },
  "xercamod:recipes/food/item_apple_juice": {
    "criteria": {
      "config": "2024-07-02 19:01:12 +0000"
    },
    "done": false
  },
  "xercamod:recipes/food/raw_pizza_meat_pepperoni": {
    "criteria": {
      "config": "2024-07-02 19:01:12 +0000"
    },
    "done": false
  },
  "xercamod:recipes/food/raw_pizza_meat": {
    "criteria": {
      "config": "2024-07-02 19:01:12 +0000"
    },
    "done": false
  },
  "xercamod:recipes/food/campfire_cooking_pizza_chicken_meat_pepperoni": {
    "criteria": {
      "config": "2024-07-02 19:01:12 +0000"
    },
    "done": false
  },
  "xercamod:recipes/courtroom/item_gavel": {
    "criteria": {
      "has_item": "2024-07-02 20:01:02 +0000",
      "config": "2024-07-02 19:01:12 +0000"
    },
    "done": true
  },
  "mcwfences:recipes/spruce": {
    "criteria": {
      "has_spruce": "2024-07-02 19:01:12 +0000"
    },
    "done": true
  },
  "xercamod:recipes/cushion/black_cushion": {
    "criteria": {
      "config": "2024-07-02 19:01:12 +0000"
    },
    "done": false
  },
  "xercamod:recipes/food/campfire_cooking_pizza_fish_mushroom_pepperoni": {
    "criteria": {
      "config": "2024-07-02 19:01:12 +0000"
    },
    "done": false
  },
  "xercamod:recipes/terracotta_tile/yellow_terratile_stairs": {
    "criteria": {
      "config": "2024-07-02 19:01:12 +0000"
    },
    "done": false
  },
  "xercamod:recipes/food/smoking_pizza_fish_fish_meat": {
    "criteria": {
      "config": "2024-07-02 19:01:12 +0000"
    },
    "done": false
  },
  "xercamod:recipes/food/smoking_baked_rice_pudding": {
    "criteria": {
      "config": "2024-07-02 19:01:12 +0000"
    },
    "done": false
  },
  "aquaculture:recipes/misc/neptinium_ingot_from_blasting": {
    "criteria": {
      "has_leggings": "2024-07-02 19:01:12 +0000",
      "has_axe": "2024-07-02 19:01:12 +0000",
      "has_helmet": "2024-07-02 19:01:12 +0000",
      "has_fishing_rod": "2024-07-02 19:01:12 +0000",
      "has_bow": "2024-07-02 19:01:12 +0000",
      "has_chestplate": "2024-07-02 19:01:12 +0000",
      "has_sword": "2024-07-02 19:01:12 +0000",
      "has_fillet_knife": "2024-07-02 19:01:12 +0000",
      "has_shovel": "2024-07-02 19:01:12 +0000",
      "has_hoe": "2024-07-02 19:01:12 +0000",
      "has_boots": "2024-07-02 19:01:12 +0000",
      "has_pickaxe": "2024-07-02 19:01:12 +0000"
    },
    "done": true
  },
  "xercamod:recipes/food/smelting_item_shish_kebab": {
    "criteria": {
      "config": "2024-07-02 19:01:12 +0000"
    },
    "done": false
  },
  "aquaculture:recipes/decorations/dark_oak_fish_mount": {
    "criteria": {
      "has_items": "2024-07-02 19:01:12 +0000"
    },
    "done": true
  },
  "xercamod:recipes/food/smoking_cooked_rice": {
    "criteria": {
      "config": "2024-07-02 19:01:12 +0000"
    },
    "done": false
  },
  "xercamod:recipes/food/campfire_cooking_pizza_chicken_meat_meat": {
    "criteria": {
      "config": "2024-07-02 19:01:12 +0000"
    },
    "done": false
  },
  "xercamod:recipes/food/item_donut": {
    "criteria": {
      "config": "2024-07-02 19:01:12 +0000"
    },
    "done": false
  },
  "xercamod:recipes/food/raw_pizza_chicken_fish_meat": {
    "criteria": {
      "config": "2024-07-02 19:01:12 +0000"
    },
    "done": false
  },
  "xercamod:recipes/food/raw_pizza_chicken_mushroom_pepperoni": {
    "criteria": {
      "config": "2024-07-02 19:01:12 +0000"
    },
    "done": false
  },
  "xercamod:recipes/food/smelting_pizza_mushroom_mushroom_pepperoni": {
    "criteria": {
      "config": "2024-07-02 19:01:12 +0000"
    },
    "done": false
  },
  "xercamod:recipes/terracotta_tile/magenta_terratile_slab": {
    "criteria": {
      "config": "2024-07-02 19:01:12 +0000"
    },
    "done": false
  },
  "xercamod:recipes/food/smoking_pizza_chicken_mushroom": {
    "criteria": {
      "config": "2024-07-02 19:01:12 +0000"
    },
    "done": false
  },
  "xercamod:recipes/food/campfire_cooking_pizza_chicken_chicken_pepperoni": {
    "criteria": {
      "config": "2024-07-02 19:01:12 +0000"
    },
    "done": false
  },
  "xercamod:recipes/food/smoking_pizza_chicken_chicken_meat": {
    "criteria": {
      "config": "2024-07-02 19:01:12 +0000"
    },
    "done": false
  },
  "xercamod:recipes/food/raw_pizza_chicken_meat_meat": {
    "criteria": {
      "config": "2024-07-02 19:01:12 +0000"
    },
    "done": false
  },
  "xercamod:recipes/food/smoking_pizza_mushroom_pepperoni_pepperoni": {
    "criteria": {
      "config": "2024-07-02 19:01:12 +0000"
    },
    "done": false
  },
  "xercamod:recipes/cushion/gray_cushion": {
    "criteria": {
      "config": "2024-07-02 19:01:12 +0000"
    },
    "done": false
  },
  "aquaculture:recipes/aquaculture/diamond_hook": {
    "criteria": {
      "has_items": "2024-07-02 19:01:12 +0000"
    },
    "done": true
  },
  "aquaculture:recipes/food/sushi": {
    "criteria": {
      "has_alt_items": "2024-07-02 19:01:12 +0000",
      "has_items": "2024-07-02 19:01:12 +0000"
    },
    "done": true
  },
  "xercamod:recipes/food/smelting_pizza": {
    "criteria": {
      "config": "2024-07-02 19:01:12 +0000"
    },
    "done": false
  },
  "xercamod:recipes/food/smoking_pizza_chicken_chicken_mushroom": {
    "criteria": {
      "config": "2024-07-02 19:01:12 +0000"
    },
    "done": false
  },
  "xercamod:recipes/food/smelting_pizza_chicken_chicken_mushroom": {
    "criteria": {
      "config": "2024-07-02 19:01:12 +0000"
    },
    "done": false
  },
  "xercamod:recipes/food/smoking_pizza_fish_meat_meat": {
    "criteria": {
      "config": "2024-07-02 19:01:12 +0000"
    },
    "done": false
  },
  "xercamod:recipes/food/cola_powder": {
    "criteria": {
      "config": "2024-07-02 19:01:12 +0000"
    },
    "done": false
  },
  "xercamod:recipes/food/campfire_cooking_item_yoghurt": {
    "criteria": {
      "config": "2024-07-02 19:01:12 +0000"
    },
    "done": false
  },
  "xercamod:recipes/cushion/lime_cushion": {
    "criteria": {
      "config": "2024-07-02 19:01:12 +0000"
    },
    "done": false
  },
  "xercamod:recipes/food/smoking_pizza_mushroom_mushroom": {
    "criteria": {
      "config": "2024-07-02 19:01:12 +0000"
    },
    "done": false
  },
  "aquaculture:recipes/misc/red_mushroom_from_fish": {
    "criteria": {
      "has_items": "2024-07-02 19:01:12 +0000"
    },
    "done": true
  },
  "xercamod:recipes/food/smoking_pizza_meat_meat_pepperoni": {
    "criteria": {
      "config": "2024-07-02 19:01:12 +0000"
    },
    "done": false
  },
  "xercamod:recipes/food/smelting_pizza_chicken_chicken_pepperoni": {
    "criteria": {
      "config": "2024-07-02 19:01:12 +0000"
    },
    "done": false
  },
  "aquaculture:recipes/building_blocks/planks_from_driftwood": {
    "criteria": {
      "has_items": "2024-07-02 19:01:12 +0000"
    },
    "done": true
  },
  "xercamod:recipes/food/smelting_pizza_meat_meat_mushroom": {
    "criteria": {
      "config": "2024-07-02 19:01:12 +0000"
    },
    "done": false
  },
  "xercamod:recipes/food/smoking_pizza_chicken_meat_pepperoni": {
    "criteria": {
      "config": "2024-07-02 19:01:12 +0000"
    },
    "done": false
  },
  "xercamod:recipes/food/smelting_item_fried_egg": {
    "criteria": {
      "config": "2024-07-02 19:01:12 +0000"
    },
    "done": false
  },
  "xercamod:recipes/cushion/cyan_cushion": {
    "criteria": {
      "config": "2024-07-02 19:01:12 +0000"
    },
    "done": false
  },
  "xercamod:recipes/food/campfire_cooking_pizza_fish_fish_meat": {
    "criteria": {
      "config": "2024-07-02 19:01:12 +0000"
    },
    "done": false
  },
  "xercamod:recipes/food/item_raw_chicken_patty": {
    "criteria": {
      "config": "2024-07-02 19:01:12 +0000"
    },
    "done": false
  },
  "xercamod:recipes/food/raw_pizza_fish_fish": {
    "criteria": {
      "config": "2024-07-02 19:01:12 +0000"
    },
    "done": false
  },
  "xercamod:recipes/food/item_ultimate_bottom": {
    "criteria": {
      "config": "2024-07-02 19:01:12 +0000"
    },
    "done": false
  },
  "xercamod:recipes/food/riceball": {
    "criteria": {
      "config": "2024-07-02 19:01:12 +0000"
    },
    "done": false
  },
  "xercamod:recipes/food/item_honeyberry_yoghurt": {
    "criteria": {
      "config": "2024-07-02 19:01:12 +0000"
    },
    "done": false
  },
  "xercamod:recipes/food/smelting_pizza_fish_fish_pepperoni": {
    "criteria": {
      "config": "2024-07-02 19:01:12 +0000"
    },
    "done": false
  },
  "xercamod:recipes/food/campfire_cooking_pizza_fish_meat": {
    "criteria": {
      "config": "2024-07-02 19:01:12 +0000"
    },
    "done": false
  },
  "xercamod:recipes/terracotta_tile/terratile_stairs": {
    "criteria": {
      "config": "2024-07-02 19:01:12 +0000"
    },
    "done": false
  },
  "xercamod:recipes/food/raw_pizza_fish_meat_meat": {
    "criteria": {
      "config": "2024-07-02 19:01:12 +0000"
    },
    "done": false
  },
  "xercamod:recipes/food/campfire_cooking_pizza_pepperoni_pepperoni_pepperoni": {
    "criteria": {
      "config": "2024-07-02 19:01:12 +0000"
    },
    "done": false
  },
  "mcwfences:recipes/end": {
    "criteria": {
      "has_end_brick": "2024-07-02 19:01:12 +0000"
    },
    "done": true
  },
  "xercamod:recipes/food/campfire_cooking_item_potato_fries": {
    "criteria": {
      "config": "2024-07-02 19:01:12 +0000"
    },
    "done": false
  },
  "xercamod:recipes/courtroom/item_attorney_badge": {
    "criteria": {
      "config": "2024-07-02 19:01:12 +0000"
    },
    "done": false
  },
  "xercamod:recipes/food/item_bun": {
    "criteria": {
      "config": "2024-07-02 19:01:12 +0000"
    },
    "done": false
  },
  "aquaculture:recipes/aquaculture/worm_farm": {
    "criteria": {
      "has_items": "2024-07-02 19:01:12 +0000"
    },
    "done": true
  },
  "xercamod:recipes/food/smoking_pizza_meat_pepperoni_pepperoni": {
    "criteria": {
      "config": "2024-07-02 19:01:12 +0000"
    },
    "done": false
  },
  "xercamod:recipes/food/smelting_pizza_chicken_mushroom_mushroom": {
    "criteria": {
      "config": "2024-07-02 19:01:12 +0000"
    },
    "done": false
  },
  "xercamod:recipes/terracotta_tile/pink_terratile_stairs": {
    "criteria": {
      "config": "2024-07-02 19:01:12 +0000"
    },
    "done": false
  },
  "xercamod:recipes/terracotta_tile/green_terratile_slab": {
    "criteria": {
      "config": "2024-07-02 19:01:12 +0000"
    },
    "done": false
  },
  "xercamod:recipes/food/item_tomato_seeds": {
    "criteria": {
      "config": "2024-07-02 19:01:12 +0000"
    },
    "done": false
  },
  "xercamod:recipes/food/smoking_pizza_mushroom": {
    "criteria": {
      "config": "2024-07-02 19:01:12 +0000"
    },
    "done": false
  },
  "xercamod:recipes/food/smoking_pizza_chicken_chicken_pepperoni": {
    "criteria": {
      "config": "2024-07-02 19:01:12 +0000"
    },
    "done": false
  },
  "xercamod:recipes/food/smelting_item_cooked_sausage": {
    "criteria": {
      "config": "2024-07-02 19:01:12 +0000"
    },
    "done": false
  },
  "xercamod:recipes/food/item_honey_cupcake": {
    "criteria": {
      "config": "2024-07-02 19:01:12 +0000"
    },
    "done": false
  },
  "xercamod:recipes/food/item_hotdog": {
    "criteria": {
      "config": "2024-07-02 19:01:12 +0000"
    },
    "done": false
  },
  "xercamod:recipes/food/campfire_cooking_item_fried_egg": {
    "criteria": {
      "config": "2024-07-02 19:01:12 +0000"
    },
    "done": false
  },
  "xercamod:recipes/food/smelting_pizza_meat_pepperoni": {
    "criteria": {
      "config": "2024-07-02 19:01:12 +0000"
    },
    "done": false
  },
  "xercamod:recipes/food/smoking_pizza_chicken_chicken": {
    "criteria": {
      "config": "2024-07-02 19:01:12 +0000"
    },
    "done": false
  },
  "xercamod:recipes/food/smoking_pizza_fish": {
    "criteria": {
      "config": "2024-07-02 19:01:12 +0000"
    },
    "done": false
  },
  "aquaculture:recipes/aquaculture/note_hook": {
    "criteria": {
      "has_items": "2024-07-02 19:01:12 +0000"
    },
    "done": true
  },
  "xercamod:recipes/food/vat": {
    "criteria": {
      "config": "2024-07-02 19:01:12 +0000"
    },
    "done": false
  },
  "xercamod:recipes/ender_flask/flask": {
    "criteria": {
      "config": "2024-07-02 19:01:12 +0000"
    },
    "done": false
  },
  "aquaculture:recipes/food/cooked_fish_fillet_from_campfire": {
    "criteria": {
      "has_items": "2024-07-02 19:01:12 +0000"
    },
    "done": true
  },
  "xercamod:recipes/food/raw_shish_kebab": {
    "criteria": {
      "config": "2024-07-02 19:01:12 +0000"
    },
    "done": false
  },
  "xercamod:recipes/cushion/light_gray_cushion": {
    "criteria": {
      "config": "2024-07-02 19:01:12 +0000"
    },
    "done": false
  },
  "xercamod:recipes/terracotta_tile/red_terratile": {
    "criteria": {
      "config": "2024-07-02 19:01:12 +0000"
    },
    "done": false
  },
  "xercamod:recipes/food/smoking_item_hot_teapot_2": {
    "criteria": {
      "config": "2024-07-02 19:01:12 +0000"
    },
    "done": false
  },
  "xercamod:recipes/food/smoking_item_hot_teapot_1": {
    "criteria": {
      "config": "2024-07-02 19:01:12 +0000"
    },
    "done": false
  },
  "xercamod:recipes/food/smoking_item_hot_teapot_4": {
    "criteria": {
      "config": "2024-07-02 19:01:12 +0000"
    },
    "done": false
  },
  "xercamod:recipes/food/smoking_item_hot_teapot_3": {
    "criteria": {
      "config": "2024-07-02 19:01:12 +0000"
    },
    "done": false
  },
  "xercamod:recipes/food/item_raw_sausage": {
    "criteria": {
      "config": "2024-07-02 19:01:12 +0000"
    },
    "done": false
  },
  "aquaculture:recipes/aquaculture/gold_hook": {
    "criteria": {
      "has_items": "2024-07-02 19:01:12 +0000"
    },
    "done": true
  },
  "xercamod:recipes/food/smoking_item_hot_teapot_6": {
    "criteria": {
      "config": "2024-07-02 19:01:12 +0000"
    },
    "done": false
  },
  "xercamod:recipes/food/smoking_item_hot_teapot_5": {
    "criteria": {
      "config": "2024-07-02 19:01:12 +0000"
    },
    "done": false
  },
  "xercamod:recipes/food/smoking_item_hot_teapot_7": {
    "criteria": {
      "config": "2024-07-02 19:01:12 +0000"
    },
    "done": false
  },
  "xercamod:recipes/food/smoking_item_cooked_sausage": {
    "criteria": {
      "config": "2024-07-02 19:01:12 +0000"
    },
    "done": false
  },
  "xercamod:recipes/food/item_cocoa_cupcake": {
    "criteria": {
      "config": "2024-07-02 19:01:12 +0000"
    },
    "done": false
  },
  "xercamod:recipes/food/raw_pizza_mushroom_mushroom_pepperoni": {
    "criteria": {
      "config": "2024-07-02 19:01:12 +0000"
    },
    "done": false
  },
  "xercamod:recipes/cushion/yellow_cushion": {
    "criteria": {
      "config": "2024-07-02 19:01:12 +0000"
    },
    "done": false
  },
  "xercamod:recipes/food/campfire_cooking_pizza_meat": {
    "criteria": {
      "config": "2024-07-02 19:01:12 +0000"
    },
    "done": false
  },
  "xercamod:recipes/food/campfire_cooking_pizza_meat_pepperoni": {
    "criteria": {
      "config": "2024-07-02 19:01:12 +0000"
    },
    "done": false
  },
  "aquaculture:recipes/decorations/spruce_fish_mount": {
    "criteria": {
      "has_items": "2024-07-02 19:01:12 +0000"
    },
    "done": true
  },
  "xercamod:recipes/terracotta_tile/gray_terratile_slab": {
    "criteria": {
      "config": "2024-07-02 19:01:12 +0000"
    },
    "done": false
  },
  "xercamod:recipes/food/smelting_pizza_chicken_meat_mushroom": {
    "criteria": {
      "config": "2024-07-02 19:01:12 +0000"
    },
    "done": false
  },
  "xercamod:recipes/food/campfire_cooking_pizza_chicken_chicken": {
    "criteria": {
      "config": "2024-07-02 19:01:12 +0000"
    },
    "done": false
  },
  "mcwfences:recipes/mud_brick": {
    "criteria": {
      "has_qq": "2024-07-02 19:01:12 +0000"
    },
    "done": true
  },
  "xercamod:recipes/food/raw_pizza_chicken_mushroom_mushroom": {
    "criteria": {
      "config": "2024-07-02 19:01:12 +0000"
    },
    "done": false
  },
  "xercamod:recipes/food/item_doner_wrap": {
    "criteria": {
      "config": "2024-07-02 19:01:12 +0000"
    },
    "done": false
  },
  "mcwfences:recipes/blackstone": {
    "criteria": {
      "has_blackstone": "2024-07-02 19:01:12 +0000"
    },
    "done": true
  },
  "xercamod:recipes/food/smelting_pizza_fish_pepperoni_pepperoni": {
    "criteria": {
      "config": "2024-07-02 19:01:12 +0000"
    },
    "done": false
  },
  "xercamod:recipes/food/smelting_pizza_chicken_chicken": {
    "criteria": {
      "config": "2024-07-02 19:01:12 +0000"
    },
    "done": false
  },
  "xercamod:recipes/food/smelting_pizza_chicken_meat": {
    "criteria": {
      "config": "2024-07-02 19:01:12 +0000"
    },
    "done": false
  },
  "xercamod:recipes/food/item_fancy_pumpkin_cupcake": {
    "criteria": {
      "config": "2024-07-02 19:01:12 +0000"
    },
    "done": false
  },
  "xercamod:recipes/food/smoking_pizza_chicken_meat_meat": {
    "criteria": {
      "config": "2024-07-02 19:01:12 +0000"
    },
    "done": false
  },
  "xercamod:recipes/scythe/golden_scythe": {
    "criteria": {
      "config": "2024-07-02 19:01:12 +0000"
    },
    "done": false
  },
  "aquaculture:recipes/misc/tin_can_to_iron_nugget_from_blasting": {
    "criteria": {
      "has_items": "2024-07-02 19:01:12 +0000"
    },
    "done": true
  },
  "xercamod:recipes/cushion/green_cushion": {
    "criteria": {
      "config": "2024-07-02 19:01:12 +0000"
    },
    "done": false
  },
  "cataclysm:root": {
    "criteria": {
      "custom_test_name": "2024-07-02 19:01:12 +0000"
    },
    "done": true
  },
  "xercamod:recipes/food/smelting_pizza_chicken_meat_meat": {
    "criteria": {
      "config": "2024-07-02 19:01:12 +0000"
    },
    "done": false
  },
  "xercamod:recipes/food/campfire_cooking_pizza_chicken_meat": {
    "criteria": {
      "config": "2024-07-02 19:01:12 +0000"
    },
    "done": false
  },
  "xercamod:recipes/food/campfire_cooking_cooked_rice": {
    "criteria": {
      "config": "2024-07-02 19:01:12 +0000"
    },
    "done": false
  },
  "xercamod:recipes/food/smelting_pizza_chicken": {
    "criteria": {
      "config": "2024-07-02 19:01:12 +0000"
    },
    "done": false
  },
  "xercamod:recipes/food/raw_pizza_fish_fish_mushroom": {
    "criteria": {
      "config": "2024-07-02 19:01:12 +0000"
    },
    "done": false
  },
  "xercamod:recipes/food/smoking_pizza_meat_meat_mushroom": {
    "criteria": {
      "config": "2024-07-02 19:01:12 +0000"
    },
    "done": false
  },
  "xercamod:recipes/food/campfire_cooking_pizza_mushroom_pepperoni_pepperoni": {
    "criteria": {
      "config": "2024-07-02 19:01:12 +0000"
    },
    "done": false
  },
  "mcwfences:recipes/deepslate": {
    "criteria": {
      "has_deepslate": "2024-07-02 19:01:12 +0000"
    },
    "done": true
  },
  "xercamod:recipes/food/smoking_pizza_meat_meat_meat": {
    "criteria": {
      "config": "2024-07-02 19:01:12 +0000"
    },
    "done": false
  },
  "xercamod:recipes/terracotta_tile/gray_terratile": {
    "criteria": {
      "config": "2024-07-02 19:01:12 +0000"
    },
    "done": false
  },
  "aquaculture:recipes/aquaculture/redstone_hook": {
    "criteria": {
      "has_items": "2024-07-02 19:01:12 +0000"
    },
    "done": true
  },
  "xercamod:recipes/food/smelting_pizza_fish_fish_fish": {
    "criteria": {
      "config": "2024-07-02 19:01:12 +0000"
    },
    "done": false
  },
  "xercamod:recipes/food/smelting_pizza_pepperoni": {
    "criteria": {
      "config": "2024-07-02 19:01:12 +0000"
    },
    "done": false
  },
  "xercamod:recipes/food/campfire_cooking_baked_rice_pudding": {
    "criteria": {
      "config": "2024-07-02 19:01:12 +0000"
    },
    "done": false
  },
  "xercamod:recipes/food/smoking_pizza_fish_pepperoni_pepperoni": {
    "criteria": {
      "config": "2024-07-02 19:01:12 +0000"
    },
    "done": false
  },
  "xercamod:recipes/food/smelting_item_hot_teapot_1": {
    "criteria": {
      "config": "2024-07-02 19:01:12 +0000"
    },
    "done": false
  },
  "xercamod:recipes/food/smelting_item_hot_teapot_2": {
    "criteria": {
      "config": "2024-07-02 19:01:12 +0000"
    },
    "done": false
  },
  "xercamod:recipes/food/smelting_item_hot_teapot_3": {
    "criteria": {
      "config": "2024-07-02 19:01:12 +0000"
    },
    "done": false
  },
  "xercamod:recipes/food/smelting_item_hot_teapot_4": {
    "criteria": {
      "config": "2024-07-02 19:01:12 +0000"
    },
    "done": false
  },
  "xercamod:recipes/food/smelting_item_hot_teapot_5": {
    "criteria": {
      "config": "2024-07-02 19:01:12 +0000"
    },
    "done": false
  },
  "xercamod:recipes/food/smelting_item_hot_teapot_6": {
    "criteria": {
      "config": "2024-07-02 19:01:12 +0000"
    },
    "done": false
  },
  "xercamod:recipes/food/smelting_item_hot_teapot_7": {
    "criteria": {
      "config": "2024-07-02 19:01:12 +0000"
    },
    "done": false
  },
  "xercamod:recipes/food/smoking_item_yoghurt": {
    "criteria": {
      "config": "2024-07-02 19:01:12 +0000"
    },
    "done": false
  },
  "xercamod:recipes/food/raw_pizza_meat_mushroom": {
    "criteria": {
      "config": "2024-07-02 19:01:12 +0000"
    },
    "done": false
  },
  "aquaculture:recipes/misc/gold_nugget_from_blasting": {
    "criteria": {
      "has_fishing_rod": "2024-07-02 19:01:12 +0000",
      "has_fillet_knife": "2024-07-02 19:01:12 +0000"
    },
    "done": true
  },
  "aquaculture:recipes/aquaculture/bobber": {
    "criteria": {
      "has_items": "2024-07-02 19:01:12 +0000"
    },
    "done": true
  },
  "xercamod:recipes/food/raw_pizza_fish_mushroom": {
    "criteria": {
      "config": "2024-07-02 19:01:12 +0000"
    },
    "done": false
  },
  "xercamod:recipes/food/item_ayran": {
    "criteria": {
      "config": "2024-07-02 19:01:12 +0000"
    },
    "done": false
  },
  "xercamod:recipes/food/smelting_item_tea_dried": {
    "criteria": {
      "config": "2024-07-02 19:01:12 +0000"
    },
    "done": false
  },
  "aquaculture:recipes/misc/gold_nugget_from_gold_fish": {
    "criteria": {
      "has_items": "2024-07-02 19:01:12 +0000"
    },
    "done": true
  },
  "xercamod:recipes/food/raw_pizza_chicken_chicken_mushroom": {
    "criteria": {
      "config": "2024-07-02 19:01:12 +0000"
    },
    "done": false
  },
  "aquaculture:recipes/food/cooked_fish_fillet_from_smoking": {
    "criteria": {
      "has_items": "2024-07-02 19:01:12 +0000"
    },
    "done": true
  },
  "xercamod:recipes/food/raw_pizza_chicken_chicken_fish": {
    "criteria": {
      "config": "2024-07-02 19:01:12 +0000"
    },
    "done": false
  },
  "farmersdelight:main/root": {
    "criteria": {
      "seeds": "2024-07-02 19:01:12 +0000"
    },
    "done": true
  },
  "xercamod:recipes/food/smelting_pizza_meat_pepperoni_pepperoni": {
    "criteria": {
      "config": "2024-07-02 19:01:12 +0000"
    },
    "done": false
  },
  "xercamod:recipes/food/item_carrot_juice": {
    "criteria": {
      "config": "2024-07-02 19:01:12 +0000"
    },
    "done": false
  },
  "aquaculture:recipes/food/cooked_fish_fillet": {
    "criteria": {
      "has_items": "2024-07-02 19:01:12 +0000"
    },
    "done": true
  },
  "xercamod:recipes/food/smoking_item_cooked_chicken_patty": {
    "criteria": {
      "config": "2024-07-02 19:01:12 +0000"
    },
    "done": false
  },
  "xercamod:recipes/food/smelting_pizza_mushroom_mushroom_mushroom": {
    "criteria": {
      "config": "2024-07-02 19:01:12 +0000"
    },
    "done": false
  },
  "xercamod:recipes/food/smelting_pizza_chicken_chicken_fish": {
    "criteria": {
      "config": "2024-07-02 19:01:12 +0000"
    },
    "done": false
  },
  "xercamod:recipes/food/cola": {
    "criteria": {
      "config": "2024-07-02 19:01:12 +0000"
    },
    "done": false
  },
  "xercamod:recipes/food/campfire_cooking_item_cooked_sausage": {
    "criteria": {
      "config": "2024-07-02 19:01:12 +0000"
    },
    "done": false
  },
  "xercamod:recipes/terracotta_tile/red_terratile_slab": {
    "criteria": {
      "config": "2024-07-02 19:01:12 +0000"
    },
    "done": false
  },
  "xercamod:recipes/food/smoking_pizza_chicken_meat_mushroom": {
    "criteria": {
      "config": "2024-07-02 19:01:12 +0000"
    },
    "done": false
  },
  "xercamod:recipes/food/campfire_cooking_pizza_meat_mushroom_pepperoni": {
    "criteria": {
      "config": "2024-07-02 19:01:12 +0000"
    },
    "done": false
  },
  "xercamod:recipes/food/campfire_cooking_pizza_chicken_chicken_chicken": {
    "criteria": {
      "config": "2024-07-02 19:01:12 +0000"
    },
    "done": false
  },
  "xercamod:recipes/food/smelting_pizza_chicken_pepperoni_pepperoni": {
    "criteria": {
      "config": "2024-07-02 19:01:12 +0000"
    },
    "done": false
  },
  "xercamod:recipes/terracotta_tile/orange_terratile_slab": {
    "criteria": {
      "config": "2024-07-02 19:01:12 +0000"
    },
    "done": false
  },
  "xercamod:recipes/food/raw_pizza_mushroom_mushroom_mushroom": {
    "criteria": {
      "config": "2024-07-02 19:01:12 +0000"
    },
    "done": false
  },
  "xercamod:recipes/food/smelting_baked_rice_pudding": {
    "criteria": {
      "config": "2024-07-02 19:01:12 +0000"
    },
    "done": false
  },
  "xercamod:recipes/food/raw_pizza_chicken_chicken_pepperoni": {
    "criteria": {
      "config": "2024-07-02 19:01:12 +0000"
    },
    "done": false
  },
  "xercamod:recipes/cushion/orange_cushion": {
    "criteria": {
      "config": "2024-07-02 19:01:12 +0000"
    },
    "done": false
  },
  "xercamod:recipes/food/campfire_cooking_pizza_chicken_pepperoni": {
    "criteria": {
      "config": "2024-07-02 19:01:12 +0000"
    },
    "done": false
  },
  "xercamod:recipes/food/smoking_pizza_chicken_fish_fish": {
    "criteria": {
      "config": "2024-07-02 19:01:12 +0000"
    },
    "done": false
  },
  "xercamod:recipes/food/raw_pizza_meat_meat_mushroom": {
    "criteria": {
      "config": "2024-07-02 19:01:12 +0000"
    },
    "done": false
  },
  "xercamod:recipes/food/item_daisy_sandwich": {
    "criteria": {
      "config": "2024-07-02 19:01:12 +0000"
    },
    "done": false
  },
  "xercamod:recipes/food/item_glass_of_water": {
    "criteria": {
      "config": "2024-07-02 19:01:12 +0000"
    },
    "done": false
  },
  "xercamod:recipes/food/smoking_pizza_chicken_fish_pepperoni": {
    "criteria": {
      "config": "2024-07-02 19:01:12 +0000"
    },
    "done": false
  },
  "xercamod:recipes/terracotta_tile/purple_terratile_stairs": {
    "criteria": {
      "config": "2024-07-02 19:01:12 +0000"
    },
    "done": false
  },
  "xercamod:recipes/food/smoking_pizza": {
    "criteria": {
      "config": "2024-07-02 19:01:12 +0000"
    },
    "done": false
  },
  "xercamod:recipes/food/campfire_cooking_pizza_fish_fish_pepperoni": {
    "criteria": {
      "config": "2024-07-02 19:01:12 +0000"
    },
    "done": false
  },
  "xercamod:recipes/food/item_rotten_burger": {
    "criteria": {
      "config": "2024-07-02 19:01:12 +0000"
    },
    "done": false
  },
  "aquaculture:recipes/misc/neptunium_ingot_from_nuggets": {
    "criteria": {
      "has_items": "2024-07-02 19:01:12 +0000"
    },
    "done": true
  },
  "occultism:occultism/root": {
    "criteria": {
      "occultism_present": "2024-07-02 19:01:12 +0000"
    },
    "done": true
  },
  "xercamod:recipes/food/smelting_pizza_meat_meat_pepperoni": {
    "criteria": {
      "config": "2024-07-02 19:01:12 +0000"
    },
    "done": false
  },
  "aquaculture:recipes/misc/iron_nugget_from_blasting": {
    "criteria": {
      "has_fishing_rod": "2024-07-02 19:01:12 +0000",
      "has_fillet_knife": "2024-07-02 19:01:12 +0000"
    },
    "done": true
  },
  "xercamod:recipes/food/smoking_pizza_chicken_chicken_chicken": {
    "criteria": {
      "config": "2024-07-02 19:01:12 +0000"
    },
    "done": false
  },
  "xercamod:recipes/cushion/red_cushion": {
    "criteria": {
      "config": "2024-07-02 19:01:12 +0000"
    },
    "done": false
  },
  "xercamod:recipes/food/item_apple_cupcake": {
    "criteria": {
      "config": "2024-07-02 19:01:12 +0000"
    },
    "done": false
  },
  "xercamod:recipes/warhammer/item_diamond_warhammer": {
    "criteria": {
      "config": "2024-07-02 19:01:12 +0000"
    },
    "done": false
  },
  "xercamod:recipes/food/smoking_pizza_meat_mushroom_pepperoni": {
    "criteria": {
      "config": "2024-07-02 19:01:12 +0000"
    },
    "done": false
  },
  "xercamod:recipes/food/smelting_pizza_mushroom_mushroom": {
    "criteria": {
      "config": "2024-07-02 19:01:12 +0000"
    },
    "done": false
  },
  "xercamod:recipes/rope/rope": {
    "criteria": {
      "config": "2024-07-02 19:01:12 +0000"
    },
    "done": false
  },
  "xercamod:recipes/food/item_raw_patty": {
    "criteria": {
      "config": "2024-07-02 19:01:12 +0000"
    },
    "done": false
  },
  "xercamod:recipes/food/smoking_pizza_chicken_meat": {
    "criteria": {
      "config": "2024-07-02 19:01:12 +0000"
    },
    "done": false
  },
  "aquaculture:recipes/decorations/jungle_fish_mount": {
    "criteria": {
      "has_items": "2024-07-02 19:01:12 +0000"
    },
    "done": true
  },
  "tombstone:adventure/root": {
    "criteria": {
      "auto": "2024-07-02 19:01:13 +0000"
    },
    "done": true
  },
  "minecraft:adventure/adventuring_time": {
    "criteria": {
      "minecraft:forest": "2024-07-02 19:01:13 +0000",
      "minecraft:plains": "2024-07-02 19:59:46 +0000"
    },
    "done": false
  },
  "tombstone:adventure/first_grave": {
    "criteria": {
      "coded_trigger": "2024-07-02 19:57:44 +0000"
    },
    "done": true
  },
  "minecraft:adventure/root": {
    "criteria": {
      "killed_by_something": "2024-07-02 19:57:44 +0000"
    },
    "done": true
  },
  "tombstone:recipes/from_grave_key": {
    "criteria": {
      "has_ingredient": "2024-07-02 19:57:47 +0000"
    },
    "done": true
  },
  "mca:root": {
    "criteria": {
      "village_plains": "2024-07-02 19:59:46 +0000"
    },
    "done": true
  },
  "biomesoplenty:biomesoplenty/root": {
    "criteria": {
      "lavender_field": "2024-07-02 20:00:36 +0000"
    },
    "done": true
  },
  "biomesoplenty:biomesoplenty/all_biomes": {
    "criteria": {
      "lavender_field": "2024-07-02 20:00:36 +0000"
    },
    "done": false
  },
  "biomesoplenty:recipes/building_blocks/redwood_planks": {
    "criteria": {
      "has_logs": "2024-07-02 20:00:48 +0000"
    },
    "done": true
  },
  "chiselsandbits:recipes/tools/bit_storage": {
    "criteria": {
      "has_l": "2024-07-02 20:00:48 +0000"
    },
    "done": true
  },
  "minecraft:recipes/misc/charcoal": {
    "criteria": {
      "has_log": "2024-07-02 20:00:48 +0000"
    },
    "done": true
  },
  "chiselsandbits:recipes/tools/chiseled_printer": {
    "criteria": {
      "has_l": "2024-07-02 20:00:48 +0000"
    },
    "done": true
  },
  "securitycraft:recipes/misc/sc_manual": {
    "criteria": {
      "has_wood": "2024-07-02 20:00:48 +0000"
    },
    "done": true
  },
  "chiselsandbits:recipes/tools/modification_table": {
    "criteria": {
      "has_b": "2024-07-02 20:00:48 +0000"
    },
    "done": true
  },
  "biomesoplenty:recipes/redstone/redwood_trapdoor": {
    "criteria": {
      "has_planks": "2024-07-02 20:01:02 +0000"
    },
    "done": true
  },
  "minecraft:recipes/misc/stick": {
    "criteria": {
      "has_planks": "2024-07-02 20:01:02 +0000"
    },
    "done": true
  },
  "biomesoplenty:recipes/decorations/redwood_sign": {
    "criteria": {
      "has_redwood_planks": "2024-07-02 20:01:02 +0000"
    },
    "done": true
  },
  "biomesoplenty:recipes/redstone/redwood_fence_gate": {
    "criteria": {
      "has_planks": "2024-07-02 20:01:02 +0000"
    },
    "done": true
  },
  "framedblocks:recipes/building_blocks/framed_cube": {
    "criteria": {
      "hasPlanks": "2024-07-02 20:01:02 +0000"
    },
    "done": true
  },
  "supplementaries:recipes/turn_table": {
    "criteria": {
      "minecraft:planks": "2024-07-02 20:01:02 +0000"
    },
    "done": true
  },
  "supplementaries:recipes/bed_from_feather_block": {
    "criteria": {
      "minecraft:planks": "2024-07-02 20:01:02 +0000"
    },
    "done": true
  },
  "biomesoplenty:recipes/decorations/redwood_fence": {
    "criteria": {
      "has_planks": "2024-07-02 20:01:02 +0000"
    },
    "done": true
  },
  "supplementaries:recipes/notice_board": {
    "criteria": {
      "minecraft:planks": "2024-07-02 20:01:02 +0000"
    },
    "done": true
  },
  "biomesoplenty:recipes/redstone/redwood_pressure_plate": {
    "criteria": {
      "has_planks": "2024-07-02 20:01:02 +0000"
    },
    "done": true
  },
  "supplementaries:recipes/lock_block": {
    "criteria": {
      "minecraft:planks": "2024-07-02 20:01:02 +0000"
    },
    "done": true
  },
  "supplementaries:recipes/clock_block": {
    "criteria": {
      "minecraft:planks": "2024-07-02 20:01:02 +0000"
    },
    "done": true
  },
  "minecraft:recipes/decorations/barrel": {
    "criteria": {
      "has_planks": "2024-07-02 20:01:02 +0000"
    },
    "done": true
  },
  "biomesoplenty:recipes/redstone/redwood_button": {
    "criteria": {
      "has_planks": "2024-07-02 20:01:02 +0000"
    },
    "done": true
  },
  "supplementaries:recipes/speaker_block": {
    "criteria": {
      "minecraft:planks": "2024-07-02 20:01:02 +0000"
    },
    "done": true
  },
  "supplementaries:recipes/decorations/biomesoplenty/sign_post_redwood": {
    "criteria": {
      "has_planks": "2024-07-02 20:01:02 +0000"
    },
    "done": true
  },
  "biomesoplenty:recipes/redstone/redwood_door": {
    "criteria": {
      "has_planks": "2024-07-02 20:01:02 +0000"
    },
    "done": true
  },
  "biomesoplenty:recipes/building_blocks/redwood_slab": {
    "criteria": {
      "has_planks": "2024-07-02 20:01:02 +0000"
    },
    "done": true
  },
  "chiselsandbits:recipes/tools/wrench": {
    "criteria": {
      "has_p": "2024-07-02 20:01:02 +0000"
    },
    "done": true
  },
  "biomesoplenty:recipes/building_blocks/redwood_stairs": {
    "criteria": {
      "has_planks": "2024-07-02 20:01:02 +0000"
    },
    "done": true
  },
  "supplementaries:recipes/pulley": {
    "criteria": {
      "minecraft:planks": "2024-07-02 20:01:02 +0000"
    },
    "done": true
  },
  "colourfulearth:recipes/decorations/dirt_dyed_orange": {
    "criteria": {
      "has_dirt": "2024-07-02 20:01:15 +0000"
    },
    "done": true
  },
  "minecraft:recipes/decorations/dirt_washed_yellow.json": {
    "criteria": {
      "has_dirt": "2024-07-02 20:01:15 +0000"
    },
    "done": true
  },
  "colourfulearth:recipes/decorations/dirt_dyed_grey": {
    "criteria": {
      "has_dirt": "2024-07-02 20:01:15 +0000"
    },
    "done": true
  },
  "decorative_blocks:recipes/decorative_blocks.general/rocky_dirt": {
    "criteria": {
      "has_dirt": "2024-07-02 20:01:15 +0000"
    },
    "done": true
  },
  "colourfulearth:recipes/decorations/dirt_dyed_red": {
    "criteria": {
      "has_dirt": "2024-07-02 20:01:15 +0000"
    },
    "done": true
  },
  "colourfulearth:recipes/decorations/dirt_dyed_brown": {
    "criteria": {
      "has_dirt": "2024-07-02 20:01:15 +0000"
    },
    "done": true
  },
  "colourfulearth:recipes/decorations/dirt_dyed_magenta": {
    "criteria": {
      "has_dirt": "2024-07-02 20:01:15 +0000"
    },
    "done": true
  },
  "minecraft:recipes/decorations/dirt_washed_orange.json": {
    "criteria": {
      "has_dirt": "2024-07-02 20:01:15 +0000"
    },
    "done": true
  },
  "colourfulearth:recipes/decorations/dirt_dyed_cyan": {
    "criteria": {
      "has_dirt": "2024-07-02 20:01:15 +0000"
    },
    "done": true
  },
  "colourfulearth:recipes/decorations/dirt_dyed_yellow": {
    "criteria": {
      "has_dirt": "2024-07-02 20:01:15 +0000"
    },
    "done": true
  },
  "minecraft:recipes/decorations/dirt_washed_cyan.json": {
    "criteria": {
      "has_dirt": "2024-07-02 20:01:15 +0000"
    },
    "done": true
  },
  "colourfulearth:recipes/decorations/dirt_dyed_light_blue": {
    "criteria": {
      "has_dirt": "2024-07-02 20:01:15 +0000"
    },
    "done": true
  },
  "minecraft:recipes/decorations/dirt_washed_pink.json": {
    "criteria": {
      "has_dirt": "2024-07-02 20:01:15 +0000"
    },
    "done": true
  },
  "minecraft:recipes/decorations/dirt_washed_magenta.json": {
    "criteria": {
      "has_dirt": "2024-07-02 20:01:15 +0000"
    },
    "done": true
  },
  "colourfulearth:recipes/decorations/dirt_dyed_green": {
    "criteria": {
      "has_dirt": "2024-07-02 20:01:15 +0000"
    },
    "done": true
  },
  "colourfulearth:recipes/decorations/dirt_dyed_black": {
    "criteria": {
      "has_dirt": "2024-07-02 20:01:15 +0000"
    },
    "done": true
  },
  "colourfulearth:recipes/decorations/dirt_dyed_white": {
    "criteria": {
      "has_dirt": "2024-07-02 20:01:15 +0000"
    },
    "done": true
  },
  "colourfulearth:recipes/decorations/dirt_dyed_pink": {
    "criteria": {
      "has_dirt": "2024-07-02 20:01:15 +0000"
    },
    "done": true
  },
  "colourfulearth:recipes/decorations/dirt_dyed_lime": {
    "criteria": {
      "has_dirt": "2024-07-02 20:01:15 +0000"
    },
    "done": true
  },
  "colourfulearth:recipes/decorations/dirt_dyed_blue": {
    "criteria": {
      "has_dirt": "2024-07-02 20:01:15 +0000"
    },
    "done": true
  },
  "minecraft:recipes/decorations/dirt_washed_blue.json": {
    "criteria": {
      "has_dirt": "2024-07-02 20:01:15 +0000"
    },
    "done": true
  },
  "ironchest:recipes/decorations/chests/vanilla_dirt_chest": {
    "criteria": {
      "has_iron_ingot": "2024-07-02 20:01:15 +0000"
    },
    "done": true
  },
  "minecraft:recipes/decorations/dirt_washed_light_blue.json": {
    "criteria": {
      "has_dirt": "2024-07-02 20:01:15 +0000"
    },
    "done": true
  },
  "colourfulearth:recipes/decorations/dirt_dyed_purple": {
    "criteria": {
      "has_dirt": "2024-07-02 20:01:15 +0000"
    },
    "done": true
  },
  "minecraft:recipes/decorations/dirt_washed_lime.json": {
    "criteria": {
      "has_dirt": "2024-07-02 20:01:15 +0000"
    },
    "done": true
  },
  "supplementaries:recipes/flower_box": {
    "criteria": {
      "has_dirt": "2024-07-02 20:01:15 +0000"
    },
    "done": true
  },
  "minecraft:recipes/decorations/dirt_washed_grey.json": {
    "criteria": {
      "has_dirt": "2024-07-02 20:01:15 +0000"
    },
    "done": true
  },
  "minecraft:recipes/decorations/dirt_washed_green.json": {
    "criteria": {
      "has_dirt": "2024-07-02 20:01:15 +0000"
    },
    "done": true
  },
  "minecraft:recipes/decorations/dirt_washed_light_grey.json": {
    "criteria": {
      "has_dirt": "2024-07-02 20:01:15 +0000"
    },
    "done": true
  },
  "colourfulearth:recipes/decorations/dirt_dyed_light_grey": {
    "criteria": {
      "has_dirt": "2024-07-02 20:01:15 +0000"
    },
    "done": true
  },
  "minecraft:recipes/decorations/dirt_washed_white.json": {
    "criteria": {
      "has_dirt": "2024-07-02 20:01:15 +0000"
    },
    "done": true
  },
  "minecraft:recipes/decorations/dirt_washed_purple.json": {
    "criteria": {
      "has_dirt": "2024-07-02 20:01:15 +0000"
    },
    "done": true
  },
  "minecraft:recipes/decorations/dirt_washed_black.json": {
    "criteria": {
      "has_dirt": "2024-07-02 20:01:15 +0000"
    },
    "done": true
  },
  "minecraft:recipes/decorations/dirt_washed_brown.json": {
    "criteria": {
      "has_dirt": "2024-07-02 20:01:15 +0000"
    },
    "done": true
  },
  "minecraft:recipes/decorations/dirt_washed_red.json": {
    "criteria": {
      "has_dirt": "2024-07-02 20:01:15 +0000"
    },
    "done": true
  },
  "biomesoplenty:recipes/transportation/willow_boat": {
    "criteria": {
      "in_water": "2024-07-02 20:01:37 +0000"
    },
    "done": true
  },
  "minecraft:recipes/transportation/cherry_boat": {
    "criteria": {
      "in_water": "2024-07-02 20:01:37 +0000"
    },
    "done": true
  },
  "biomesoplenty:recipes/transportation/dead_boat": {
    "criteria": {
      "in_water": "2024-07-02 20:01:37 +0000"
    },
    "done": true
  },
  "biomesoplenty:recipes/transportation/magic_boat": {
    "criteria": {
      "in_water": "2024-07-02 20:01:37 +0000"
    },
    "done": true
  },
  "minecraft:recipes/transportation/acacia_boat": {
    "criteria": {
      "in_water": "2024-07-02 20:01:37 +0000"
    },
    "done": true
  },
  "minecraft:recipes/transportation/jungle_boat": {
    "criteria": {
      "in_water": "2024-07-02 20:01:37 +0000"
    },
    "done": true
  },
  "biomesoplenty:recipes/transportation/fir_boat": {
    "criteria": {
      "in_water": "2024-07-02 20:01:37 +0000"
    },
    "done": true
  },
  "minecraft:recipes/transportation/spruce_boat": {
    "criteria": {
      "in_water": "2024-07-02 20:01:37 +0000"
    },
    "done": true
  },
  "biomesoplenty:recipes/transportation/redwood_boat": {
    "criteria": {
      "in_water": "2024-07-02 20:01:37 +0000"
    },
    "done": true
  },
  "minecraft:recipes/transportation/mangrove_boat": {
    "criteria": {
      "in_water": "2024-07-02 20:01:37 +0000"
    },
    "done": true
  },
  "biomesoplenty:recipes/transportation/hellbark_boat": {
    "criteria": {
      "in_water": "2024-07-02 20:01:37 +0000"
    },
    "done": true
  },
  "biomesoplenty:recipes/transportation/jacaranda_boat": {
    "criteria": {
      "in_water": "2024-07-02 20:01:37 +0000"
    },
    "done": true
  },
  "biomesoplenty:recipes/transportation/palm_boat": {
    "criteria": {
      "in_water": "2024-07-02 20:01:37 +0000"
    },
    "done": true
  },
  "minecraft:recipes/transportation/dark_oak_boat": {
    "criteria": {
      "in_water": "2024-07-02 20:01:37 +0000"
    },
    "done": true
  },
  "biomesoplenty:recipes/transportation/umbran_boat": {
    "criteria": {
      "in_water": "2024-07-02 20:01:37 +0000"
    },
    "done": true
  },
  "minecraft:recipes/transportation/bamboo_raft": {
    "criteria": {
      "in_water": "2024-07-02 20:01:37 +0000"
    },
    "done": true
  },
  "minecraft:recipes/transportation/birch_boat": {
    "criteria": {
      "in_water": "2024-07-02 20:01:37 +0000"
    },
    "done": true
  },
  "minecraft:recipes/transportation/oak_boat": {
    "criteria": {
      "in_water": "2024-07-02 20:01:37 +0000"
    },
    "done": true
  },
  "biomesoplenty:recipes/transportation/mahogany_boat": {
    "criteria": {
      "in_water": "2024-07-02 20:01:37 +0000"
    },
    "done": true
  },
  "mcwwindows:recipes/curtains": {
    "criteria": {
      "has_wood": "2024-07-02 20:02:59 +0000"
    },
    "done": true
  },
  "create:recipes/building_blocks/crafting/kinetics/blue_seat": {
    "criteria": {
      "has_wool": "2024-07-02 20:02:59 +0000"
    },
    "done": true
  },
  "minecraft:recipes/decorations/chest": {
    "criteria": {
      "has_lots_of_items": "2024-07-02 20:02:59 +0000"
    },
    "done": true
  },
  "create:recipes/building_blocks/crafting/kinetics/light_blue_seat": {
    "criteria": {
      "has_wool": "2024-07-02 20:02:59 +0000"
    },
    "done": true
  },
  "occultism:recipes/food/crafting/demons_dream_essence_from_seeds": {
    "criteria": {
      "has_datura": "2024-07-02 20:02:58 +0000"
    },
    "done": true
  },
  "occultism:recipes/misc/crafting/dictionary_of_spirits": {
    "criteria": {
      "has_datura": "2024-07-02 20:02:58 +0000"
    },
    "done": true
  },
  "comforts:sleeping_bag_white": {
    "criteria": {
      "has_white_wool": "2024-07-02 20:02:59 +0000"
    },
    "done": true
  },
  "doggytalents:recipes/decorations/conan_suit": {
    "criteria": {
      "has_wool": "2024-07-02 20:02:59 +0000"
    },
    "done": true
  },
  "usefulbackpacks:recipes/backpack_small": {
    "criteria": {
      "has_wool": "2024-07-02 20:02:59 +0000"
    },
    "done": true
  },
  "occultism:recipes/misc/crafting/brush": {
    "criteria": {
      "has_wool": "2024-07-02 20:02:59 +0000"
    },
    "done": true
  },
  "tropicraft:recipes/misc/white_umbrella": {
    "criteria": {
      "has_white_wool": "2024-07-02 20:02:59 +0000"
    },
    "done": true
  },
  "doggytalents:recipes/decorations/dog_plushie_toy_item": {
    "criteria": {
      "has_white_wool": "2024-07-02 20:02:59 +0000"
    },
    "done": true
  },
  "supplementaries:recipes/flags/flag_white": {
    "criteria": {
      "has_white_wool": "2024-07-02 20:02:59 +0000"
    },
    "done": true
  },
  "mcwroofs:recipes/awning": {
    "criteria": {
      "has_planks": "2024-07-02 20:02:59 +0000"
    },
    "done": true
  },
  "create:recipes/building_blocks/crafting/kinetics/red_seat": {
    "criteria": {
      "has_wool": "2024-07-02 20:02:59 +0000"
    },
    "done": true
  },
  "create:recipes/building_blocks/crafting/kinetics/light_gray_seat": {
    "criteria": {
      "has_wool": "2024-07-02 20:02:59 +0000"
    },
    "done": true
  },
  "doggytalents:recipes/food/uncooked_rice_bowl": {
    "criteria": {
      "has_dtn_rice_grains": "2024-07-02 20:02:47 +0000"
    },
    "done": true
  },
  "doggytalents:recipes/decorations/lab_coat": {
    "criteria": {
      "has_wool": "2024-07-02 20:02:59 +0000"
    },
    "done": true
  },
  "create:recipes/building_blocks/crafting/kinetics/cyan_seat": {
    "criteria": {
      "has_wool": "2024-07-02 20:02:59 +0000"
    },
    "done": true
  },
  "tropicraft:recipes/misc/white_beach_float": {
    "criteria": {
      "has_white_wool": "2024-07-02 20:02:59 +0000"
    },
    "done": true
  },
  "doggytalents:recipes/decorations/beastars_uniform_male": {
    "criteria": {
      "has_wool": "2024-07-02 20:02:59 +0000"
    },
    "done": true
  },
  "create:recipes/building_blocks/crafting/kinetics/pink_seat": {
    "criteria": {
      "has_wool": "2024-07-02 20:02:59 +0000"
    },
    "done": true
  },
  "doggytalents:recipes/food/training_treat": {
    "criteria": {
      "has_dtn_rice_grains": "2024-07-02 20:02:47 +0000"
    },
    "done": true
  },
  "usefulbackpacks:recipes/filter_configurator": {
    "criteria": {
      "has_wool": "2024-07-02 20:02:59 +0000"
    },
    "done": true
  },
  "create:recipes/building_blocks/crafting/kinetics/magenta_seat": {
    "criteria": {
      "has_wool": "2024-07-02 20:02:59 +0000"
    },
    "done": true
  },
  "create:recipes/building_blocks/crafting/kinetics/green_seat": {
    "criteria": {
      "has_wool": "2024-07-02 20:02:59 +0000"
    },
    "done": true
  },
  "create:recipes/building_blocks/crafting/kinetics/purple_seat": {
    "criteria": {
      "has_wool": "2024-07-02 20:02:59 +0000"
    },
    "done": true
  },
  "minecraft:recipes/decorations/white_bed": {
    "criteria": {
      "has_white_wool": "2024-07-02 20:02:59 +0000"
    },
    "done": true
  },
  "create:recipes/building_blocks/crafting/kinetics/brown_seat": {
    "criteria": {
      "has_wool": "2024-07-02 20:02:59 +0000"
    },
    "done": true
  },
  "create:recipes/building_blocks/crafting/kinetics/gray_seat": {
    "criteria": {
      "has_wool": "2024-07-02 20:02:59 +0000"
    },
    "done": true
  },
  "minecraft:recipes/decorations/painting": {
    "criteria": {
      "has_wool": "2024-07-02 20:02:59 +0000"
    },
    "done": true
  },
  "create:recipes/building_blocks/crafting/kinetics/orange_seat": {
    "criteria": {
      "has_wool": "2024-07-02 20:02:59 +0000"
    },
    "done": true
  },
  "minecraft:recipes/decorations/white_carpet": {
    "criteria": {
      "has_white_wool": "2024-07-02 20:02:59 +0000"
    },
    "done": true
  },
  "cfm:recipes/decorations/white_trampoline": {
    "criteria": {
      "has_wool": "2024-07-02 20:02:59 +0000"
    },
    "done": true
  },
  "create:recipes/building_blocks/crafting/kinetics/black_seat": {
    "criteria": {
      "has_wool": "2024-07-02 20:02:59 +0000"
    },
    "done": true
  },
  "minecraft:recipes/decorations/white_banner": {
    "criteria": {
      "has_white_wool": "2024-07-02 20:02:59 +0000"
    },
    "done": true
  },
  "tropicraft:recipes/misc/white_chair": {
    "criteria": {
      "has_white_wool": "2024-07-02 20:02:59 +0000"
    },
    "done": true
  },
  "cfm:recipes/decorations/white_sofa": {
    "criteria": {
      "has_wool": "2024-07-02 20:02:59 +0000"
    },
    "done": true
  },
  "create:recipes/building_blocks/crafting/kinetics/white_seat": {
    "criteria": {
      "has_wool": "2024-07-02 20:02:59 +0000"
    },
    "done": true
  },
  "chiselsandbits:recipes/tools/bit_bag": {
    "criteria": {
      "has_w": "2024-07-02 20:02:59 +0000"
    },
    "done": true
  },
  "comforts:hammock_white": {
    "criteria": {
      "has_white_wool": "2024-07-02 20:02:59 +0000"
    },
    "done": true
  },
  "create:recipes/building_blocks/crafting/kinetics/lime_seat": {
    "criteria": {
      "has_wool": "2024-07-02 20:02:59 +0000"
    },
    "done": true
  },
  "doggytalents:recipes/building_blocks/dog_bed_def": {
    "criteria": {
      "has_wool": "2024-07-02 20:02:59 +0000"
    },
    "done": true
  },
  "create:recipes/building_blocks/crafting/kinetics/yellow_seat": {
    "criteria": {
      "has_wool": "2024-07-02 20:02:59 +0000"
    },
    "done": true
  },
  "doggytalents:recipes/decorations/beastars_uniform_female": {
    "criteria": {
      "has_wool": "2024-07-02 20:02:59 +0000"
    },
    "done": true
  },
  "DataVersion": 3465
}