{
  "minecraft:recipes/decorations/crafting_table": {
    "criteria": {
      "unlock_right_away": "2024-07-01 01:55:52 +0000"
    },
    "done": true
  },
  "adorabuild_structures:overworld_structures": {
    "criteria": {
      "always": "2024-07-01 01:55:52 +0000"
    },
    "done": true
  },
  "betterdungeons:root": {
    "criteria": {
      "always": "2024-07-01 01:55:52 +0000"
    },
    "done": true
  },
  "repurposed_structures:root": {
    "criteria": {
      "always": "2024-07-01 01:55:52 +0000"
    },
    "done": true
  },
  "mowziesmobs:root": {
    "criteria": {
      "custom_test_name": "2024-07-01 01:55:52 +0000"
    },
    "done": true
  },
  "dungeons_arise:wda_root": {
    "criteria": {
      "WDA": "2024-07-01 01:55:52 +0000"
    },
    "done": true
  },
  "cataclysm:root": {
    "criteria": {
      "custom_test_name": "2024-07-01 01:55:52 +0000"
    },
    "done": true
  },
  "betterend:root": {
    "criteria": {
      "welcome": "2024-07-01 01:55:53 +0000"
    },
    "done": true
  },
  "minecraft:adventure/adventuring_time": {
    "criteria": {
      "minecraft:birch_forest": "2024-07-02 13:38:30 +0000",
      "minecraft:dark_forest": "2024-07-01 01:55:53 +0000"
    },
    "done": false
  },
  "dungeons_arise:find_thornborn_towers": {
    "criteria": {
      "location0": "2024-07-02 13:32:31 +0000"
    },
    "done": true
  },
  "crabbersdelight:main/root": {
    "criteria": {
      "seeds": "2024-07-02 13:34:15 +0000"
    },
    "done": true
  },
  "farmersdelight:main/root": {
    "criteria": {
      "seeds": "2024-07-02 13:34:15 +0000"
    },
    "done": true
  },
  "biomesoplenty:biomesoplenty/root": {
    "criteria": {
      "grassland": "2024-07-02 13:34:28 +0000"
    },
    "done": true
  },
  "biomesoplenty:biomesoplenty/all_biomes": {
    "criteria": {
      "grassland": "2024-07-02 13:34:28 +0000"
    },
    "done": false
  },
  "supplementaries:recipes/flower_box": {
    "criteria": {
      "has_dirt": "2024-07-02 13:34:56 +0000"
    },
    "done": true
  },
  "decorative_blocks:recipes/building_blocks/rocky_dirt": {
    "criteria": {
      "has_dirt": "2024-07-02 13:34:56 +0000"
    },
    "done": true
  },
  "minecraft:adventure/kill_a_mob": {
    "criteria": {
      "minecraft:zombie": "2024-07-02 13:35:21 +0000"
    },
    "done": true
  },
  "minecraft:adventure/kill_all_mobs": {
    "criteria": {
      "minecraft:zombie": "2024-07-02 13:35:21 +0000"
    },
    "done": false
  },
  "minecraft:adventure/root": {
    "criteria": {
      "killed_something": "2024-07-02 13:35:21 +0000"
    },
    "done": true
  },
  "farmersdelight:recipes/cooking/dog_food": {
    "criteria": {
      "has_any_ingredient": "2024-07-02 13:35:22 +0000"
    },
    "done": true
  },
  "farmersdelight:recipes/building_blocks/organic_compost_from_rotten_flesh": {
    "criteria": {
      "has_rotten_flesh": "2024-07-02 13:35:22 +0000"
    },
    "done": true
  },
  "dungeons_arise:find_bathhouse": {
    "criteria": {
      "location0": "2024-07-02 13:37:37 +0000"
    },
    "done": true
  },
  "farmersdelight:recipes/cooking/baked_cod_stew": {
    "criteria": {
      "has_any_ingredient": "2024-07-02 13:38:58 +0000"
    },
    "done": true
  },
  "farmersdelight:recipes/cooking/apple_cider": {
    "criteria": {
      "has_apple": "2024-07-02 13:38:58 +0000"
    },
    "done": true
  },
  "supplementaries:recipes/feather_block": {
    "criteria": {
      "has_feather": "2024-07-02 13:38:58 +0000"
    },
    "done": true
  },
  "minecraft:recipes/food/baked_potato_from_campfire_cooking": {
    "criteria": {
      "has_potato": "2024-07-02 13:38:58 +0000"
    },
    "done": true
  },
  "delightful:recipes/food/cooking/jelly_bottle": {
    "criteria": {
      "has_sweet_fruit": "2024-07-02 13:38:58 +0000"
    },
    "done": true
  },
  "minecraft:recipes/food/baked_potato_from_smoking": {
    "criteria": {
      "has_potato": "2024-07-02 13:38:58 +0000"
    },
    "done": true
  },
  "aether_redux:recipes/combat/veridium_dart": {
    "criteria": {
      "has_feather": "2024-07-02 13:38:58 +0000"
    },
    "done": true
  },
  "delightful:recipes/food/cooking/sinigang_no_ginger_citrus": {
    "criteria": {
      "has_ginger": "2024-07-02 13:38:58 +0000"
    },
    "done": true
  },
  "farmersdelight:main/get_fd_seed": {
    "criteria": {
      "tomato_seeds": "2024-07-02 13:38:58 +0000"
    },
    "done": true
  },
  "minecraft:recipes/food/baked_potato": {
    "criteria": {
      "has_potato": "2024-07-02 13:38:58 +0000"
    },
    "done": true
  },
  "minecraft:recipes/combat/arrow": {
    "criteria": {
      "has_feather": "2024-07-02 13:38:58 +0000"
    },
    "done": true
  },
  "aether:recipes/combat/golden_dart": {
    "criteria": {
      "has_feather": "2024-07-02 13:38:58 +0000"
    },
    "done": true
  },
  "farmersdelight:recipes/cooking/beef_stew": {
    "criteria": {
      "has_any_ingredient": "2024-07-02 13:38:58 +0000"
    },
    "done": true
  },
  "minecraft:recipes/redstone/redstone_lamp": {
    "criteria": {
      "has_glowstone": "2024-07-02 13:44:37 +0000"
    },
    "done": true
  },
  "aether:recipes/building_blocks/packed_ice_freezing": {
    "criteria": {
      "has_water_bucket": "2024-07-02 13:44:41 +0000"
    },
    "done": true
  },
  "betterend:recipes/misc/shadow_berry_jelly": {
    "criteria": {
      "has_tag_c_water_bottles": "2024-07-02 13:44:41 +0000"
    },
    "done": true
  },
  "aether:recipes/building_blocks/blue_ice_freezing": {
    "criteria": {
      "has_water_bucket": "2024-07-02 13:44:41 +0000"
    },
    "done": true
  },
  "aether:recipes/building_blocks/ice_from_bucket_freezing": {
    "criteria": {
      "has_water_bucket": "2024-07-02 13:44:41 +0000"
    },
    "done": true
  },
  "betterend:recipes/misc/blossom_berry_jelly": {
    "criteria": {
      "has_tag_c_water_bottles": "2024-07-02 13:44:41 +0000"
    },
    "done": true
  },
  "supplementaries:recipes/soap": {
    "criteria": {
      "has_water_bucket": "2024-07-02 13:44:41 +0000"
    },
    "done": true
  },
  "minecraft:recipes/brewing/cauldron": {
    "criteria": {
      "has_water_bucket": "2024-07-02 13:44:41 +0000"
    },
    "done": true
  },
  "betterend:recipes/misc/sweet_berry_jelly": {
    "criteria": {
      "has_tag_c_water_bottles": "2024-07-02 13:44:41 +0000"
    },
    "done": true
  },
  "aether:enter_aether": {
    "criteria": {
      "enter_aether": "2024-07-02 13:44:58 +0000"
    },
    "done": true
  },
  "deep_aether:explore_aether": {
    "criteria": {
      "aether:skyroot_grove": "2024-07-02 13:44:58 +0000"
    },
    "done": false
  },
  "aether:the_aether": {
    "criteria": {
      "the_aether": "2024-07-02 13:44:58 +0000"
    },
    "done": true
  },
  "blue_skies:recipes/misc/light_blue_dye_from_frose": {
    "criteria": {
      "has_item": "2024-07-02 13:47:28 +0000"
    },
    "done": true
  },
  "blue_skies:recipes/building_blocks/brumble_block": {
    "criteria": {
      "has_item": "2024-07-02 13:47:30 +0000"
    },
    "done": true
  },
  "blue_skies:root": {
    "criteria": {
      "enter_everbright": "2024-07-02 13:48:22 +0000"
    },
    "done": true
  },
  "blue_skies:everbright/enter": {
    "criteria": {
      "enter_everbright": "2024-07-02 13:48:22 +0000"
    },
    "done": true
  },
  "blue_skies:thinking_with_portals": {
    "criteria": {
      "enter_everbright": "2024-07-02 13:48:22 +0000"
    },
    "done": false
  },
  "naturescompass:natures_compass_sapling": {
    "criteria": {
      "has_sapling": "2024-07-02 13:49:06 +0000"
    },
    "done": true
  },
  "naturescompass:natures_compass": {
    "criteria": {
      "has_recipe": "2024-07-02 13:49:06 +0000"
    },
    "done": true
  },
  "naturescompass:natures_compass_log": {
    "criteria": {
      "has_recipe": "2024-07-02 13:49:06 +0000"
    },
    "done": true
  },
  "minecraft:recipes/decorations/chest": {
    "criteria": {
      "has_lots_of_items": "2024-07-02 13:49:13 +0000"
    },
    "done": true
  },
  "aether:recipes/decorations/skyroot_chest": {
    "criteria": {
      "has_lots_of_items": "2024-07-02 13:49:13 +0000"
    },
    "done": true
  },
  "blue_skies:recipes/building_blocks/bluebright_chest": {
    "criteria": {
      "has_item": "2024-07-02 13:49:20 +0000"
    },
    "done": true
  },
  "supplementaries:recipes/daub_cross_brace": {
    "criteria": {
      "forge:rods/wooden": "2024-07-02 13:49:20 +0000"
    },
    "done": true
  },
  "supplementaries:recipes/timber_brace": {
    "criteria": {
      "forge:rods/wooden": "2024-07-02 13:49:20 +0000"
    },
    "done": true
  },
  "supplementaries:recipes/timber_cross_brace": {
    "criteria": {
      "forge:rods/wooden": "2024-07-02 13:49:20 +0000"
    },
    "done": true
  },
  "supplementaries:recipes/faucet": {
    "criteria": {
      "forge:rods/wooden": "2024-07-02 13:49:20 +0000"
    },
    "done": true
  },
  "supplementaries:recipes/daub_brace": {
    "criteria": {
      "forge:rods/wooden": "2024-07-02 13:49:20 +0000"
    },
    "done": true
  },
  "supplementaries:recipes/crank": {
    "criteria": {
      "forge:rods/wooden": "2024-07-02 13:49:20 +0000"
    },
    "done": true
  },
  "blue_skies:recipes/building_blocks/bluebright_ladder": {
    "criteria": {
      "has_item": "2024-07-02 13:49:20 +0000"
    },
    "done": true
  },
  "supplementaries:recipes/timber_frame": {
    "criteria": {
      "forge:rods/wooden": "2024-07-02 13:49:20 +0000"
    },
    "done": true
  },
  "supplementaries:recipes/slingshot": {
    "criteria": {
      "forge:rods/wooden": "2024-07-02 13:49:20 +0000"
    },
    "done": true
  },
  "supplementaries:recipes/daub_frame": {
    "criteria": {
      "forge:rods/wooden": "2024-07-02 13:49:20 +0000"
    },
    "done": true
  },
  "blue_skies:recipes/building_blocks/turquoise_stonebrick_slab_stonecutting_turquoise_stone": {
    "criteria": {
      "has_item": "2024-07-02 13:49:42 +0000"
    },
    "done": true
  },
  "blue_skies:recipes/building_blocks/turquoise_stonebrick_stonecutting_turquoise_stone": {
    "criteria": {
      "has_item": "2024-07-02 13:49:42 +0000"
    },
    "done": true
  },
  "blue_skies:recipes/building_blocks/turquoise_dripstone_stonecutting_turquoise_stone": {
    "criteria": {
      "has_item": "2024-07-02 13:49:42 +0000"
    },
    "done": true
  },
  "blue_skies:recipes/building_blocks/turquoise_stone_button": {
    "criteria": {
      "has_item": "2024-07-02 13:49:42 +0000"
    },
    "done": true
  },
  "blue_skies:recipes/building_blocks/turquoise_stonebrick_wall_stonecutting_turquoise_stone": {
    "criteria": {
      "has_item": "2024-07-02 13:49:42 +0000"
    },
    "done": true
  },
  "blue_skies:recipes/building_blocks/turquoise_stonebrick": {
    "criteria": {
      "has_item": "2024-07-02 13:49:42 +0000"
    },
    "done": true
  },
  "blue_skies:recipes/building_blocks/turquoise_stone_stairs_stonecutting_turquoise_stone": {
    "criteria": {
      "has_item": "2024-07-02 13:49:42 +0000"
    },
    "done": true
  },
  "blue_skies:recipes/building_blocks/stonecutter_compat": {
    "criteria": {
      "has_item": "2024-07-02 13:49:42 +0000"
    },
    "done": true
  },
  "blue_skies:recipes/building_blocks/turquoise_stonebrick_stairs_stonecutting_turquoise_stone": {
    "criteria": {
      "has_item": "2024-07-02 13:49:42 +0000"
    },
    "done": true
  },
  "blue_skies:recipes/building_blocks/chiseled_turquoise_stonebrick_stonecutting_turquoise_stone": {
    "criteria": {
      "has_item": "2024-07-02 13:49:42 +0000"
    },
    "done": true
  },
  "blue_skies:recipes/building_blocks/turquoise_stone_slab": {
    "criteria": {
      "has_item": "2024-07-02 13:49:42 +0000"
    },
    "done": true
  },
  "blue_skies:recipes/redstone/turquoise_stone_pressure_plate": {
    "criteria": {
      "has_item": "2024-07-02 13:49:42 +0000"
    },
    "done": true
  },
  "blue_skies:recipes/building_blocks/turquoise_stone_slab_stonecutting_turquoise_stone": {
    "criteria": {
      "has_item": "2024-07-02 13:49:42 +0000"
    },
    "done": true
  },
  "blue_skies:recipes/building_blocks/turquoise_stone_stairs": {
    "criteria": {
      "has_item": "2024-07-02 13:49:42 +0000"
    },
    "done": true
  },
  "blue_skies:recipes/misc/purple_dye_from_briskbloom": {
    "criteria": {
      "has_item": "2024-07-02 13:49:46 +0000"
    },
    "done": true
  },
  "DataVersion": 3465
}