{
  "minecraft:recipes/decorations/crafting_table": {
    "criteria": {
      "unlock_right_away": "2024-07-01 01:55:52 +0000"
    },
    "done": true
  },
  "adorabuild_structures:overworld_structures": {
    "criteria": {
      "always": "2024-07-01 01:55:52 +0000"
    },
    "done": true
  },
  "betterdungeons:root": {
    "criteria": {
      "always": "2024-07-01 01:55:52 +0000"
    },
    "done": true
  },
  "repurposed_structures:root": {
    "criteria": {
      "always": "2024-07-01 01:55:52 +0000"
    },
    "done": true
  },
  "mowziesmobs:root": {
    "criteria": {
      "custom_test_name": "2024-07-01 01:55:52 +0000"
    },
    "done": true
  },
  "dungeons_arise:wda_root": {
    "criteria": {
      "WDA": "2024-07-01 01:55:52 +0000"
    },
    "done": true
  },
  "cataclysm:root": {
    "criteria": {
      "custom_test_name": "2024-07-01 01:55:52 +0000"
    },
    "done": true
  },
  "betterend:root": {
    "criteria": {
      "welcome": "2024-07-01 01:55:53 +0000"
    },
    "done": true
  },
  "minecraft:adventure/adventuring_time": {
    "criteria": {
      "minecraft:birch_forest": "2024-07-02 13:38:30 +0000",
      "minecraft:dark_forest": "2024-07-01 01:55:53 +0000",
      "minecraft:lush_caves": "2024-07-02 14:31:57 +0000"
    },
    "done": false
  },
  "dungeons_arise:find_thornborn_towers": {
    "criteria": {
      "location0": "2024-07-02 13:32:31 +0000"
    },
    "done": true
  },
  "crabbersdelight:main/root": {
    "criteria": {
      "seeds": "2024-07-02 13:34:15 +0000"
    },
    "done": true
  },
  "farmersdelight:main/root": {
    "criteria": {
      "seeds": "2024-07-02 13:34:15 +0000"
    },
    "done": true
  },
  "biomesoplenty:biomesoplenty/root": {
    "criteria": {
      "grassland": "2024-07-02 13:34:28 +0000"
    },
    "done": true
  },
  "biomesoplenty:biomesoplenty/all_biomes": {
    "criteria": {
      "shrubland": "2024-07-02 14:28:17 +0000",
      "rocky_shrubland": "2024-07-02 14:28:27 +0000",
      "spider_nest": "2024-07-02 14:28:23 +0000",
      "grassland": "2024-07-02 13:34:28 +0000",
      "glowing_grotto": "2024-07-02 14:30:13 +0000"
    },
    "done": false
  },
  "supplementaries:recipes/flower_box": {
    "criteria": {
      "has_dirt": "2024-07-02 13:34:56 +0000"
    },
    "done": true
  },
  "decorative_blocks:recipes/building_blocks/rocky_dirt": {
    "criteria": {
      "has_dirt": "2024-07-02 13:34:56 +0000"
    },
    "done": true
  },
  "minecraft:adventure/kill_a_mob": {
    "criteria": {
      "minecraft:zombie": "2024-07-02 13:35:21 +0000"
    },
    "done": true
  },
  "minecraft:adventure/kill_all_mobs": {
    "criteria": {
      "minecraft:zombie": "2024-07-02 13:35:21 +0000"
    },
    "done": false
  },
  "minecraft:adventure/root": {
    "criteria": {
      "killed_something": "2024-07-02 13:35:21 +0000"
    },
    "done": true
  },
  "farmersdelight:recipes/cooking/dog_food": {
    "criteria": {
      "has_any_ingredient": "2024-07-02 13:35:22 +0000"
    },
    "done": true
  },
  "farmersdelight:recipes/building_blocks/organic_compost_from_rotten_flesh": {
    "criteria": {
      "has_rotten_flesh": "2024-07-02 13:35:22 +0000"
    },
    "done": true
  },
  "dungeons_arise:find_bathhouse": {
    "criteria": {
      "location0": "2024-07-02 13:37:37 +0000"
    },
    "done": true
  },
  "farmersdelight:recipes/cooking/baked_cod_stew": {
    "criteria": {
      "has_any_ingredient": "2024-07-02 13:38:58 +0000"
    },
    "done": true
  },
  "farmersdelight:recipes/cooking/apple_cider": {
    "criteria": {
      "has_apple": "2024-07-02 13:38:58 +0000"
    },
    "done": true
  },
  "supplementaries:recipes/feather_block": {
    "criteria": {
      "has_feather": "2024-07-02 13:38:58 +0000"
    },
    "done": true
  },
  "minecraft:recipes/food/baked_potato_from_campfire_cooking": {
    "criteria": {
      "has_potato": "2024-07-02 13:38:58 +0000"
    },
    "done": true
  },
  "delightful:recipes/food/cooking/jelly_bottle": {
    "criteria": {
      "has_sweet_fruit": "2024-07-02 13:38:58 +0000"
    },
    "done": true
  },
  "minecraft:recipes/food/baked_potato_from_smoking": {
    "criteria": {
      "has_potato": "2024-07-02 13:38:58 +0000"
    },
    "done": true
  },
  "aether_redux:recipes/combat/veridium_dart": {
    "criteria": {
      "has_feather": "2024-07-02 13:38:58 +0000"
    },
    "done": true
  },
  "delightful:recipes/food/cooking/sinigang_no_ginger_citrus": {
    "criteria": {
      "has_ginger": "2024-07-02 13:38:58 +0000"
    },
    "done": true
  },
  "farmersdelight:main/get_fd_seed": {
    "criteria": {
      "tomato_seeds": "2024-07-02 13:38:58 +0000"
    },
    "done": true
  },
  "minecraft:recipes/food/baked_potato": {
    "criteria": {
      "has_potato": "2024-07-02 13:38:58 +0000"
    },
    "done": true
  },
  "minecraft:recipes/combat/arrow": {
    "criteria": {
      "has_feather": "2024-07-02 13:38:58 +0000"
    },
    "done": true
  },
  "aether:recipes/combat/golden_dart": {
    "criteria": {
      "has_feather": "2024-07-02 13:38:58 +0000"
    },
    "done": true
  },
  "farmersdelight:recipes/cooking/beef_stew": {
    "criteria": {
      "has_any_ingredient": "2024-07-02 13:38:58 +0000"
    },
    "done": true
  },
  "minecraft:recipes/redstone/redstone_lamp": {
    "criteria": {
      "has_glowstone": "2024-07-02 13:44:37 +0000"
    },
    "done": true
  },
  "aether:recipes/building_blocks/packed_ice_freezing": {
    "criteria": {
      "has_water_bucket": "2024-07-02 13:44:41 +0000"
    },
    "done": true
  },
  "betterend:recipes/misc/shadow_berry_jelly": {
    "criteria": {
      "has_tag_c_water_bottles": "2024-07-02 13:44:41 +0000"
    },
    "done": true
  },
  "aether:recipes/building_blocks/blue_ice_freezing": {
    "criteria": {
      "has_water_bucket": "2024-07-02 13:44:41 +0000"
    },
    "done": true
  },
  "aether:recipes/building_blocks/ice_from_bucket_freezing": {
    "criteria": {
      "has_water_bucket": "2024-07-02 13:44:41 +0000"
    },
    "done": true
  },
  "betterend:recipes/misc/blossom_berry_jelly": {
    "criteria": {
      "has_tag_c_water_bottles": "2024-07-02 13:44:41 +0000"
    },
    "done": true
  },
  "supplementaries:recipes/soap": {
    "criteria": {
      "has_water_bucket": "2024-07-02 13:44:41 +0000"
    },
    "done": true
  },
  "minecraft:recipes/brewing/cauldron": {
    "criteria": {
      "has_water_bucket": "2024-07-02 13:44:41 +0000"
    },
    "done": true
  },
  "betterend:recipes/misc/sweet_berry_jelly": {
    "criteria": {
      "has_tag_c_water_bottles": "2024-07-02 13:44:41 +0000"
    },
    "done": true
  },
  "aether:enter_aether": {
    "criteria": {
      "enter_aether": "2024-07-02 13:44:58 +0000"
    },
    "done": true
  },
  "deep_aether:explore_aether": {
    "criteria": {
      "aether:skyroot_grove": "2024-07-02 13:44:58 +0000",
      "deep_aether:golden_heights": "2024-07-02 14:36:17 +0000"
    },
    "done": false
  },
  "aether:the_aether": {
    "criteria": {
      "the_aether": "2024-07-02 13:44:58 +0000"
    },
    "done": true
  },
  "blue_skies:recipes/misc/light_blue_dye_from_frose": {
    "criteria": {
      "has_item": "2024-07-02 13:47:28 +0000"
    },
    "done": true
  },
  "blue_skies:recipes/building_blocks/brumble_block": {
    "criteria": {
      "has_item": "2024-07-02 13:47:30 +0000"
    },
    "done": true
  },
  "blue_skies:root": {
    "criteria": {
      "enter_everbright": "2024-07-02 13:48:22 +0000"
    },
    "done": true
  },
  "blue_skies:everbright/enter": {
    "criteria": {
      "enter_everbright": "2024-07-02 13:48:22 +0000"
    },
    "done": true
  },
  "blue_skies:thinking_with_portals": {
    "criteria": {
      "enter_everbright": "2024-07-02 13:48:22 +0000"
    },
    "done": false
  },
  "naturescompass:natures_compass_sapling": {
    "criteria": {
      "has_sapling": "2024-07-02 13:49:06 +0000"
    },
    "done": true
  },
  "naturescompass:natures_compass": {
    "criteria": {
      "has_recipe": "2024-07-02 13:49:06 +0000"
    },
    "done": true
  },
  "naturescompass:natures_compass_log": {
    "criteria": {
      "has_recipe": "2024-07-02 13:49:06 +0000"
    },
    "done": true
  },
  "minecraft:recipes/decorations/chest": {
    "criteria": {
      "has_lots_of_items": "2024-07-02 13:49:13 +0000"
    },
    "done": true
  },
  "aether:recipes/decorations/skyroot_chest": {
    "criteria": {
      "has_lots_of_items": "2024-07-02 13:49:13 +0000"
    },
    "done": true
  },
  "blue_skies:recipes/building_blocks/bluebright_chest": {
    "criteria": {
      "has_item": "2024-07-02 13:49:20 +0000"
    },
    "done": true
  },
  "supplementaries:recipes/daub_cross_brace": {
    "criteria": {
      "forge:rods/wooden": "2024-07-02 13:49:20 +0000"
    },
    "done": true
  },
  "supplementaries:recipes/timber_brace": {
    "criteria": {
      "forge:rods/wooden": "2024-07-02 13:49:20 +0000"
    },
    "done": true
  },
  "supplementaries:recipes/timber_cross_brace": {
    "criteria": {
      "forge:rods/wooden": "2024-07-02 13:49:20 +0000"
    },
    "done": true
  },
  "supplementaries:recipes/faucet": {
    "criteria": {
      "forge:rods/wooden": "2024-07-02 13:49:20 +0000"
    },
    "done": true
  },
  "supplementaries:recipes/daub_brace": {
    "criteria": {
      "forge:rods/wooden": "2024-07-02 13:49:20 +0000"
    },
    "done": true
  },
  "supplementaries:recipes/crank": {
    "criteria": {
      "forge:rods/wooden": "2024-07-02 13:49:20 +0000"
    },
    "done": true
  },
  "blue_skies:recipes/building_blocks/bluebright_ladder": {
    "criteria": {
      "has_item": "2024-07-02 13:49:20 +0000"
    },
    "done": true
  },
  "supplementaries:recipes/timber_frame": {
    "criteria": {
      "forge:rods/wooden": "2024-07-02 13:49:20 +0000"
    },
    "done": true
  },
  "supplementaries:recipes/slingshot": {
    "criteria": {
      "forge:rods/wooden": "2024-07-02 13:49:20 +0000"
    },
    "done": true
  },
  "supplementaries:recipes/daub_frame": {
    "criteria": {
      "forge:rods/wooden": "2024-07-02 13:49:20 +0000"
    },
    "done": true
  },
  "blue_skies:recipes/building_blocks/turquoise_stonebrick_slab_stonecutting_turquoise_stone": {
    "criteria": {
      "has_item": "2024-07-02 13:49:42 +0000"
    },
    "done": true
  },
  "blue_skies:recipes/building_blocks/turquoise_stonebrick_stonecutting_turquoise_stone": {
    "criteria": {
      "has_item": "2024-07-02 13:49:42 +0000"
    },
    "done": true
  },
  "blue_skies:recipes/building_blocks/turquoise_dripstone_stonecutting_turquoise_stone": {
    "criteria": {
      "has_item": "2024-07-02 13:49:42 +0000"
    },
    "done": true
  },
  "blue_skies:recipes/building_blocks/turquoise_stone_button": {
    "criteria": {
      "has_item": "2024-07-02 13:49:42 +0000"
    },
    "done": true
  },
  "blue_skies:recipes/building_blocks/turquoise_stonebrick_wall_stonecutting_turquoise_stone": {
    "criteria": {
      "has_item": "2024-07-02 13:49:42 +0000"
    },
    "done": true
  },
  "blue_skies:recipes/building_blocks/turquoise_stonebrick": {
    "criteria": {
      "has_item": "2024-07-02 13:49:42 +0000"
    },
    "done": true
  },
  "blue_skies:recipes/building_blocks/turquoise_stone_stairs_stonecutting_turquoise_stone": {
    "criteria": {
      "has_item": "2024-07-02 13:49:42 +0000"
    },
    "done": true
  },
  "blue_skies:recipes/building_blocks/stonecutter_compat": {
    "criteria": {
      "has_item": "2024-07-02 13:49:42 +0000"
    },
    "done": true
  },
  "blue_skies:recipes/building_blocks/turquoise_stonebrick_stairs_stonecutting_turquoise_stone": {
    "criteria": {
      "has_item": "2024-07-02 13:49:42 +0000"
    },
    "done": true
  },
  "blue_skies:recipes/building_blocks/chiseled_turquoise_stonebrick_stonecutting_turquoise_stone": {
    "criteria": {
      "has_item": "2024-07-02 13:49:42 +0000"
    },
    "done": true
  },
  "blue_skies:recipes/building_blocks/turquoise_stone_slab": {
    "criteria": {
      "has_item": "2024-07-02 13:49:42 +0000"
    },
    "done": true
  },
  "blue_skies:recipes/redstone/turquoise_stone_pressure_plate": {
    "criteria": {
      "has_item": "2024-07-02 13:49:42 +0000"
    },
    "done": true
  },
  "blue_skies:recipes/building_blocks/turquoise_stone_slab_stonecutting_turquoise_stone": {
    "criteria": {
      "has_item": "2024-07-02 13:49:42 +0000"
    },
    "done": true
  },
  "blue_skies:recipes/building_blocks/turquoise_stone_stairs": {
    "criteria": {
      "has_item": "2024-07-02 13:49:42 +0000"
    },
    "done": true
  },
  "blue_skies:recipes/misc/purple_dye_from_briskbloom": {
    "criteria": {
      "has_item": "2024-07-02 13:49:46 +0000"
    },
    "done": true
  },
  "deeperdarker:recipes/transportation/echo_boat": {
    "criteria": {
      "in_water": "2024-07-02 14:32:05 +0000"
    },
    "done": true
  },
  "biomesoplenty:recipes/transportation/willow_boat": {
    "criteria": {
      "in_water": "2024-07-02 14:32:05 +0000"
    },
    "done": true
  },
  "aether:recipes/transportation/skyroot_boat": {
    "criteria": {
      "in_water": "2024-07-02 14:32:05 +0000"
    },
    "done": true
  },
  "minecraft:recipes/transportation/cherry_boat": {
    "criteria": {
      "in_water": "2024-07-02 14:32:05 +0000"
    },
    "done": true
  },
  "biomesoplenty:recipes/transportation/dead_boat": {
    "criteria": {
      "in_water": "2024-07-02 14:32:05 +0000"
    },
    "done": true
  },
  "biomesoplenty:recipes/transportation/magic_boat": {
    "criteria": {
      "in_water": "2024-07-02 14:32:05 +0000"
    },
    "done": true
  },
  "stoneworks:recipes/building_blocks/deepslate_plate_wall_from_deepslate_stonecutting": {
    "criteria": {
      "has_deepslate": "2024-07-02 14:27:56 +0000"
    },
    "done": true
  },
  "stoneworks:recipes/building_blocks/mossy_cobbled_deepslate_slab_from_deepslate_stonecutting": {
    "criteria": {
      "has_deepslate": "2024-07-02 14:27:56 +0000"
    },
    "done": true
  },
  "stoneworks:recipes/building_blocks/deepslate_shingle_wall_from_deepslate_stonecutting": {
    "criteria": {
      "has_deepslate": "2024-07-02 14:27:56 +0000"
    },
    "done": true
  },
  "minecraft:recipes/transportation/acacia_boat": {
    "criteria": {
      "in_water": "2024-07-02 14:32:05 +0000"
    },
    "done": true
  },
  "stoneworks:recipes/building_blocks/mossy_deepslate_brick_wall_from_deepslate_stonecutting": {
    "criteria": {
      "has_deepslate": "2024-07-02 14:27:56 +0000"
    },
    "done": true
  },
  "stoneworks:recipes/building_blocks/mossy_deepslate_bricks_from_deepslate_stonecutting": {
    "criteria": {
      "has_deepslate": "2024-07-02 14:27:56 +0000"
    },
    "done": true
  },
  "stoneworks:recipes/building_blocks/deepslate_paver_wall_from_deepslate_stonecutting": {
    "criteria": {
      "has_deepslate": "2024-07-02 14:27:56 +0000"
    },
    "done": true
  },
  "minecraft:recipes/transportation/jungle_boat": {
    "criteria": {
      "in_water": "2024-07-02 14:32:05 +0000"
    },
    "done": true
  },
  "twilightforest:recipes/transportation/mining_boat": {
    "criteria": {
      "in_water": "2024-07-02 14:32:05 +0000"
    },
    "done": true
  },
  "twilightforest:recipes/transportation/mangrove_boat": {
    "criteria": {
      "in_water": "2024-07-02 14:32:05 +0000"
    },
    "done": true
  },
  "biomesoplenty:recipes/transportation/fir_boat": {
    "criteria": {
      "in_water": "2024-07-02 14:32:05 +0000"
    },
    "done": true
  },
  "stoneworks:recipes/building_blocks/deepslate_pillar_from_deepslate_stonecutting": {
    "criteria": {
      "has_deepslate": "2024-07-02 14:27:56 +0000"
    },
    "done": true
  },
  "stoneworks:recipes/building_blocks/deepslate_shingles_from_deepslate_stonecutting": {
    "criteria": {
      "has_deepslate": "2024-07-02 14:27:56 +0000"
    },
    "done": true
  },
  "aether_redux:recipes/transportation/fieldsproot_boat": {
    "criteria": {
      "in_water": "2024-07-02 14:32:05 +0000"
    },
    "done": true
  },
  "minecraft:recipes/transportation/spruce_boat": {
    "criteria": {
      "in_water": "2024-07-02 14:32:05 +0000"
    },
    "done": true
  },
  "deep_aether:recipes/decorations/white_dye_from_enchanted_blossom": {
    "criteria": {
      "has_enchanted_blossom": "2024-07-02 14:38:12 +0000"
    },
    "done": true
  },
  "betterend:aeternium_anvil": {
    "criteria": {
      "got_aeternium_anvil": "2024-07-02 14:29:25 +0000"
    },
    "done": true
  },
  "stoneworks:recipes/building_blocks/deepslate_plate_slab_from_deepslate_stonecutting": {
    "criteria": {
      "has_deepslate": "2024-07-02 14:27:56 +0000"
    },
    "done": true
  },
  "biomesoplenty:recipes/transportation/redwood_boat": {
    "criteria": {
      "in_water": "2024-07-02 14:32:05 +0000"
    },
    "done": true
  },
  "minecraft:recipes/misc/iron_ingot_from_smelting_deepslate_iron_ore": {
    "criteria": {
      "has_deepslate_iron_ore": "2024-07-02 14:27:56 +0000"
    },
    "done": true
  },
  "stoneworks:recipes/building_blocks/deepslate_plates_from_deepslate_stonecutting": {
    "criteria": {
      "has_deepslate": "2024-07-02 14:27:56 +0000"
    },
    "done": true
  },
  "stoneworks:recipes/building_blocks/mossy_cobbled_deepslate_stairs_from_deepslate_stonecutting": {
    "criteria": {
      "has_deepslate": "2024-07-02 14:27:56 +0000"
    },
    "done": true
  },
  "minecraft:recipes/transportation/mangrove_boat": {
    "criteria": {
      "in_water": "2024-07-02 14:32:05 +0000"
    },
    "done": true
  },
  "handcrafted:recipes/misc/deepslate_pillar_trim": {
    "criteria": {
      "has_deepslate_pillar_trim": "2024-07-02 14:27:56 +0000"
    },
    "done": true
  },
  "supplementaries:recipes/crystal_display": {
    "criteria": {
      "has_deepslate": "2024-07-02 14:27:56 +0000"
    },
    "done": true
  },
  "stoneworks:recipes/building_blocks/deepslate_shingle_slab_from_deepslate_stonecutting": {
    "criteria": {
      "has_deepslate": "2024-07-02 14:27:56 +0000"
    },
    "done": true
  },
  "biomesoplenty:recipes/transportation/hellbark_boat": {
    "criteria": {
      "in_water": "2024-07-02 14:32:05 +0000"
    },
    "done": true
  },
  "biomesoplenty:recipes/transportation/jacaranda_boat": {
    "criteria": {
      "in_water": "2024-07-02 14:32:05 +0000"
    },
    "done": true
  },
  "twilightforest:recipes/transportation/canopy_boat": {
    "criteria": {
      "in_water": "2024-07-02 14:32:05 +0000"
    },
    "done": true
  },
  "stoneworks:recipes/building_blocks/mossy_deepslate_brick_slab_from_deepslate_stonecutting": {
    "criteria": {
      "has_deepslate": "2024-07-02 14:27:56 +0000"
    },
    "done": true
  },
  "biomesoplenty:recipes/transportation/palm_boat": {
    "criteria": {
      "in_water": "2024-07-02 14:32:05 +0000"
    },
    "done": true
  },
  "twigs:recipes/columns/deepslate_column": {
    "criteria": {
      "has_item": "2024-07-02 14:27:56 +0000"
    },
    "done": true
  },
  "minecraft:recipes/misc/iron_ingot_from_blasting_deepslate_iron_ore": {
    "criteria": {
      "has_deepslate_iron_ore": "2024-07-02 14:27:56 +0000"
    },
    "done": true
  },
  "stoneworks:recipes/building_blocks/deepslate_paver_slab_from_deepslate_stonecutting": {
    "criteria": {
      "has_deepslate": "2024-07-02 14:27:56 +0000"
    },
    "done": true
  },
  "twilightforest:recipes/transportation/sorting_boat": {
    "criteria": {
      "in_water": "2024-07-02 14:32:05 +0000"
    },
    "done": true
  },
  "aether_redux:recipes/transportation/glacia_boat": {
    "criteria": {
      "in_water": "2024-07-02 14:32:05 +0000"
    },
    "done": true
  },
  "stoneworks:recipes/building_blocks/deepslate_pavers_from_deepslate_stonecutting": {
    "criteria": {
      "has_deepslate": "2024-07-02 14:27:56 +0000"
    },
    "done": true
  },
  "stoneworks:recipes/building_blocks/mossy_cobbled_deepslate_from_deepslate_stonecutting": {
    "criteria": {
      "has_deepslate": "2024-07-02 14:27:56 +0000"
    },
    "done": true
  },
  "minecraft:recipes/transportation/dark_oak_boat": {
    "criteria": {
      "in_water": "2024-07-02 14:32:05 +0000"
    },
    "done": true
  },
  "stoneworks:recipes/building_blocks/mossy_deepslate_brick_stairs_from_deepslate_stonecutting": {
    "criteria": {
      "has_deepslate": "2024-07-02 14:27:56 +0000"
    },
    "done": true
  },
  "biomesoplenty:recipes/transportation/umbran_boat": {
    "criteria": {
      "in_water": "2024-07-02 14:32:05 +0000"
    },
    "done": true
  },
  "minecraft:recipes/transportation/bamboo_raft": {
    "criteria": {
      "in_water": "2024-07-02 14:32:05 +0000"
    },
    "done": true
  },
  "handcrafted:recipes/misc/deepslate_corner_trim": {
    "criteria": {
      "has_deepslate_corner_trim": "2024-07-02 14:27:56 +0000"
    },
    "done": true
  },
  "alexsmobs:alexsmobs/crocodile": {
    "criteria": {
      "interact": "2024-07-02 14:19:21 +0000"
    },
    "done": true
  },
  "twilightforest:recipes/transportation/twilight_oak_boat": {
    "criteria": {
      "in_water": "2024-07-02 14:32:05 +0000"
    },
    "done": true
  },
  "twilightforest:recipes/transportation/time_boat": {
    "criteria": {
      "in_water": "2024-07-02 14:32:05 +0000"
    },
    "done": true
  },
  "aether_redux:recipes/transportation/crystal_boat": {
    "criteria": {
      "in_water": "2024-07-02 14:32:05 +0000"
    },
    "done": true
  },
  "stoneworks:recipes/building_blocks/deepslate_shingle_stairs_from_deepslate_stonecutting": {
    "criteria": {
      "has_deepslate": "2024-07-02 14:27:56 +0000"
    },
    "done": true
  },
  "stoneworks:recipes/building_blocks/deepslate_paver_stairs_from_deepslate_stonecutting": {
    "criteria": {
      "has_deepslate": "2024-07-02 14:27:56 +0000"
    },
    "done": true
  },
  "aether_redux:recipes/transportation/blightwillow_boat": {
    "criteria": {
      "in_water": "2024-07-02 14:32:05 +0000"
    },
    "done": true
  },
  "twilightforest:recipes/transportation/transformation_boat": {
    "criteria": {
      "in_water": "2024-07-02 14:32:05 +0000"
    },
    "done": true
  },
  "twigs:recipes/columns/deepslate_column_stonecutting": {
    "criteria": {
      "has_item": "2024-07-02 14:27:56 +0000"
    },
    "done": true
  },
  "minecraft:recipes/transportation/birch_boat": {
    "criteria": {
      "in_water": "2024-07-02 14:32:05 +0000"
    },
    "done": true
  },
  "stoneworks:recipes/building_blocks/mossy_cobbled_deepslate_wall_from_deepslate_stonecutting": {
    "criteria": {
      "has_deepslate": "2024-07-02 14:27:56 +0000"
    },
    "done": true
  },
  "minecraft:recipes/transportation/oak_boat": {
    "criteria": {
      "in_water": "2024-07-02 14:32:05 +0000"
    },
    "done": true
  },
  "aether_redux:recipes/transportation/cloudcap_boat": {
    "criteria": {
      "in_water": "2024-07-02 14:32:05 +0000"
    },
    "done": true
  },
  "biomesoplenty:recipes/transportation/mahogany_boat": {
    "criteria": {
      "in_water": "2024-07-02 14:32:05 +0000"
    },
    "done": true
  },
  "twilightforest:recipes/transportation/dark_boat": {
    "criteria": {
      "in_water": "2024-07-02 14:32:05 +0000"
    },
    "done": true
  },
  "supplementaries:recipes/deepslate_lamp": {
    "criteria": {
      "has_deepslate": "2024-07-02 14:27:56 +0000"
    },
    "done": true
  },
  "aether_redux:recipes/transportation/jellyshroom_boat": {
    "criteria": {
      "in_water": "2024-07-02 14:32:05 +0000"
    },
    "done": true
  },
  "betterend:all_elytras": {
    "criteria": {
      "crystalite": "2024-07-02 14:34:55 +0000"
    },
    "done": false
  },
  "stoneworks:recipes/building_blocks/deepslate_plate_stairs_from_deepslate_stonecutting": {
    "criteria": {
      "has_deepslate": "2024-07-02 14:27:56 +0000"
    },
    "done": true
  },
  "deep_aether:recipes/building_blocks/aether_coarse_dirt": {
    "criteria": {
      "has_aether_dirt": "2024-07-02 14:38:12 +0000"
    },
    "done": true
  },
  "DataVersion": 3465
}