[
  {
    "uuid": "df8a40bd-ca27-34e9-81c4-a2150694da08",
    "displayName": {
      "insertion": "gonzael0",
      "clickEvent": {
        "action": "suggest_command",
        "value": "/tell gonzael0 "
      },
      "hoverEvent": {
        "action": "show_entity",
        "contents": {
          "type": "minecraft:player",
          "id": "df8a40bd-ca27-34e9-81c4-a2150694da08",
          "name": {
            "text": "gonzael0"
          }
        }
      },
      "extra": [
        {
          "text": "gonzael0"
        }
      ],
      "text": ""
    },
    "animation": "null"
  },
  {
    "uuid": "74fb5033-b410-38d9-b161-2dcfbe536940",
    "displayName": {
      "insertion": "sevalelas",
      "clickEvent": {
        "action": "suggest_command",
        "value": "/tell sevalelas "
      },
      "hoverEvent": {
        "action": "show_entity",
        "contents": {
          "type": "minecraft:player",
          "id": "74fb5033-b410-38d9-b161-2dcfbe536940",
          "name": {
            "text": "sevalelas"
          }
        }
      },
      "extra": [
        {
          "text": "sevalelas"
        }
      ],
      "text": ""
    },
    "animation": "null"
  }
]